,name,rosetta_energy,loss_tot,loss_cce,loss_entropy,loss_rog,contig_rmsd,contig_sc_rmsd,rog,len,seq,net_charge,ss,topology,ss_strand_frac,ss_helix_frac,ss_loop_frac,af2_lddt,rmsd_af2_des,contig_rmsd_af2_des,contig_rmsd_af2
0,pd1_r1_10_r2_0,-549.487,1.7190003213445135,2.319758305859116,2.805381948984056,0.0318607091903686,0.8487546548788663,,13.533530336979672,94,DWQACVMMAATAGCDWKCTYENTDDRYGPVHVVHHTEHASGQTDTLAASTWSPGDRTVRLWGDGPEYVWCGIHSLMRGIQIKESPRMNTADAWT,-5,LHHHHHHHHHHHLLLLLLLLLLLLHHHLLEEEEEEEELLLLLEEEEEEEEELLLLLLLLLLLLLLLLEEEEEEELLLLLEEEELLLELLLLLLL,HHEEEEE,0.3085106382978723,0.1489361702127659,0.5425531914893617,48.40008859493614,6.048675614147083,1.4999748605757484,1.5123822163462248
1,pd1_r1_10_r2_7,-549.495,1.689914710442124,2.3090120593127925,2.713664072173797,0.0470679998397827,0.8634571283588743,,13.102960402698624,94,DCQRCVAEAVEARGARACTWRTTGTIHSAVHVVVHKEENSGQTDTLAAYQVEPGMQRATAWFTGDETFWCGIMSLGHGIQIKESDRYNGWYPWD,-4,LHHHHHHHHHHHHLLLEEEEELLLLLLLLEEEEEEEELLLLLEEEEEEEEELLLLLEEEEELLLLLLEEEEEEELLLLLEEEELLLELLEELLL,HEEEEEEEE,0.4361702127659574,0.1276595744680851,0.4361702127659574,60.67775452292224,6.419922971833604,2.315580462308176,2.4079363914404275
2,pd1_r1_10_r2_9,-555.486,1.7118252550360904,2.366927247715385,2.716713397668612,0.0518351197242736,1.3267439724506074,,13.449825357766834,94,DPLRILQVAKNAGANYKCTQTISGHIGDQIHVVIHAEGTSGQTDTLAASTWSPYDDTFTAWQTGEEWVACGIMSLHRGIQIKESGRKNVEDYWM,-4,LHHHHHHHHHHHLEEEEEEEELLLLLLLLEEEEEEEELLLLLEEEEEEEEELLLLLEEEEEEEELLLEEEEEEELLLLLEEEELLLLLLLLLLL,HEEEEEE,0.4680851063829787,0.1170212765957446,0.4148936170212766,53.94723759868869,10.128434049539765,4.868761009465606,5.133357954230414
3,pd1_r1_13_r2_3,-539.058,1.7090969263409193,2.32727483047266,2.7229202611607244,0.0770956873893737,0.8237485568473462,,13.720426420585198,93,MQKRWMTYWIFGQNFTVNVTAKHNIAWMHVVIHGEHPSGQTDTLAALTIGSPFQPTMRWWDRIKKYKGSMVQCGLVSLGGGIQIKEWSRTMVK,7,LEEEEEEEEEHHEEEEEEEEELLLLLLEEEEEEEELLLLLEEEEEEEELLLLLLLLELLHHHHHHLLLLEEEEEEEEEELEEEEEELLLELLL,EHEEEEHEEE,0.5591397849462365,0.086021505376344,0.3548387096774194,61.56604403277846,4.438069547614815,2.007600279391538,2.0955422594057995
4,pd1_r1_13_r2_4,-551.578,1.7302042361752918,2.372897340605942,2.7861984583206296,0.0315169095993042,0.8433283733398357,,12.71250258774714,93,NMSCNSTYVGCWNPDTQNVTAKSGFGYAHTVIHREHLSGQTDTLAAATAGNPEPVTPDAIDWIKKYKGYKVICGLNSLFAWIQIKESPRSDPS,0,LLELLHHHLLLEELLLLEELLLLLLLLLEEEEEEELLLLLEEEEEEEELLELLLLLHHHHHHHHHLLLLEEEEEEEELLLLLEEEELLLELLL,EHEEEEEHEEE,0.3655913978494624,0.1290322580645161,0.5053763440860215,38.72923555175874,10.766543538795563,9.268157507378133,9.406689944155657
5,pd1_r1_13_r2_5,-574.31,1.691281809880305,2.3497910492762646,2.650355442471737,0.0736989378929138,0.9555919487295472,,13.37954654511586,93,MAVITMEYNIFGQPTTVNATANCPQGAAHWVVHREHNSGQTDTLAAGINGNLTPVTAESWSLVKKYLGQKIVCGLASLGIAIQIKESSRWGGR,2,LEEEEEEEEEHHEEEEEEEEELLLLLLEEEEEEEELLLLLEEEEEEEELLEELLLLHHHHHHHHHLLLLEEEEEEEELLLLLEEEELLLLLLL,EHEEEEHEE,0.5161290322580645,0.1182795698924731,0.3655913978494624,48.68807502919351,8.679949719801069,7.872842972250842,8.065197802217867
6,pd1_r1_13_r2_2,-541.78,1.6907934424229876,2.2801543997872225,2.7458346191740923,0.0463913083076477,0.7999454379049891,,13.349725624893372,93,MDFCTMTWWICGQPETTNITGNCGQGLAHVVFHKEHNSGQTDTLAAGTWSNPQSWEWDAWESIQKTDGHHVMCGLVSLIGGIQIKESTRVATP,-5,LLEEEEEEELLLLEEEEEEELLLLLLLEEEEEEEELLLLLEEEEEEEEELLLLLLLLLHHHHHHHLLLLEEEEEEEELLLLLEEEELLLLLLL,EEEEHEE,0.4623655913978494,0.075268817204301,0.4623655913978494,42.32711839170104,8.81419240182701,6.601536257626159,6.663308710432747
7,pd1_r1_10_r2_8,-463.903,1.7201157706214638,2.3684840405407908,2.7330900517381824,0.0587732195854187,1.0125328566753793,,13.828952785122633,94,DCQRKVQEAKTAGEIIDCMWMVTGDITGYYHVVMHFEHGSGQTDTLAAATVSPGDQTHSAWGTGNATVWCGIHSLNEGIQIKESNRINVVDFWM,-6,LHHHHHHHHHHLLLLLLLLEEELLLLLLLEEEEEEEELLLLLEEEEEEEEELLLLLLEEELLLLLLEEEEEEEELLLLLEEEELLLELLLLLLL,HEEEEEEE,0.3829787234042553,0.1063829787234042,0.5106382978723404,45.29569601274936,4.537742768588192,1.6157585067405806,1.5896827317675706
8,pd1_r1_10_r2_6,-598.351,1.671548651433974,2.280474338147494,2.6887506118590787,0.0454210042953491,0.8107028358270982,,13.445340301440911,94,DFLRWVEEALHNGAEGVCAITMRVHDDGPWHVVVHIEKGSGQTDTLAATMASPGDREVTAYGAPDESVYCGIHSLDTGIQIKEMPRIFGVDGWR,-8,LHHHHHHHHHHLLLLLLEEEEEELLLLLLEEEEEEEELLLLLEEEEEEEEELLLLLEEEEEELLLLEEEEEEEELLLLLEEEELLLELLLLLLL,HEEEEEEE,0.4468085106382978,0.1063829787234042,0.4468085106382978,44.28327823658253,9.929903291981264,6.077683231781954,6.142276792014962
9,pd1_r1_10_r2_1,-533.432,1.6991618638714776,2.2926169291695477,2.73380669364148,0.0710619688034057,0.7701195551002945,,13.742791325800685,94,DMNVFIDDFWTAGSTYLCMAYVPANAAFPYHVVSHREHTSGQTDTLAAQTFDVGDPFVTAWGTINATWYCGIHSLQHGIQIKESNRINGKLPWP,-4,LLLLELLLLLLLLLEEEEEEELLLLLLLLEEEEEEEELLLLLEEEEEEEEELLLLLEEEEEEELLLEEEEEEEELLLLLEEEELLLELLLLLLL,EEEEEEEE,0.4787234042553192,0.0,0.5212765957446809,33.87856397155716,15.005530451726113,12.653172578354033,12.644236692835928
10,pd1_r1_13_r2_8,-614.675,1.6971351961472156,2.3647533598281307,2.658954703589102,0.067697525024414,0.8905346437776902,,13.498987918116828,93,MRNMVTTAWICGDPVVINVTANPLAGWAHVVWHMEHNSGQTDTLAAGTAGNPQTVSQDTWDAITKYNGQYFKCGLISLGPFIQIKESSRMHLP,-1,LEEEEEEEEELLEEEEEEEEELHHHLLEEEEEEEELLLLLEEEEEEEELLLLLLLLHHHHHHHHHHLLLEEEEEEEEELLLEEEEELLLELLL,EEHEEHEEE,0.5268817204301075,0.1397849462365591,0.3333333333333333,49.77674910395498,8.12297028122137,5.3070311603465,5.198941805159331
11,pd1_r1_13_r2_1,-614.285,1.68514918187742,2.316888519274719,2.674596030351529,0.0639629960060119,0.8858513554284183,,13.459688214453353,93,QVYETVPYWIEGIPVQFNVARDMGMLRQHVVVHREHSSGQTDTLAAGYAGNPLPETKAQWESFIKKKGGAVYCGLYSLGQGIQIKESHRQPHG,1,LLEEEEEEEELLEEEEEEEELLLLLLLLEEEEEEELLLLLEEEEEEEELLELLLLLHHHHHHHHHLLLLEEEEEEEELLLLLEEEELLLELLL,EEEEEHEEE,0.4838709677419355,0.0967741935483871,0.4193548387096774,40.901250315707976,9.316622038292088,6.053983066644776,6.090909829601467
12,pd1_r1_13_r2_6,-524.063,1.703559835737718,2.362879739819032,2.683926476378497,0.063873291015625,0.8466721548419195,,13.530219064613073,93,MGNCEMTVWVCGTPVTTNVTEQGGCGGAHAVFHREDMSGQTDTLAAGRHGNIQPVTEDDWNRIKKYGPNNFQCGLYSLGGPIQIKESKRQYPR,0,LLLEEEEEEELLEEEEEEELELLELLLLEEEEEEELLLLLEEEEEEELLLLLLLLLHHHHHHHHHHLLLLEEEEEEELLLLLEEEELLLELLL,EEEEEEHEEE,0.4516129032258064,0.1075268817204301,0.4408602150537634,48.8007409243554,4.332993907511617,3.0109465493701872,3.0042828767625207
13,pd1_r1_10_r2_2,-550.528,1.6965240980650569,2.3471418997506213,2.6933064515925285,0.0491239428520202,0.951054271565726,,13.612458299751728,94,DCNECMQMAAMTGMEIKCNMVLPTKIRGPFHVVVHHESTSGQTDTLAASTVTPGDQTIPYWATIDSHYYCGIHSLAQGIQIKESSRFGPADEWS,-5,LHHHHHHHHHHHLLLEEEEEELLLLLLLLEEEEEEEELLLLLEEEEEEEEELLLLLEEEEEELLLEEEEEEEEELLLLLEEEELLLLELLLLLL,HEEEEEEE,0.4574468085106383,0.1170212765957446,0.425531914893617,62.80127244847562,6.541598706780335,2.5184511818214044,2.435109708003845
14,pd1_r1_10_r2_5,-531.412,1.7119634534107655,2.3769303861980164,2.7269061457948403,0.0320538282394409,0.804016320300384,,13.093345288975078,94,DQQRQISNAIMEGHAPAPDQTYLITSSGMDHVVFHFEFGSGQTDTLAASTMSNGDHTVPAWGPKNERWHCGIMSLGMGIQIKESNRINSVRPWR,-2,LHHHHHHHHHHLLLLELLLLEEEEELLLLLEEEEEEELLLLLEEEEEEEELELLEEEEELLLLLLLEEEEEEEEELLLEEEEELLLELLLELLL,HEEEEEEEEEE,0.4574468085106383,0.1063829787234042,0.4361702127659574,50.77518865542475,8.242925971400712,5.270920425621212,5.400980426348284
15,pd1_r1_10_r2_4,-562.066,1.6928939058650452,2.3929493557998525,2.643295344831325,0.0424370169639587,1.1294698444930718,,13.570748211372583,94,DNQNCIQEAAMMQREINCTATFRDGMGDPVHVVVHFERASGQTDTLAAGMVNPGQRTITGIGTMNKDVWCGIHSLGHGIQIKESNRINPWDLYT,-3,LHHHHHHHHHHHLLEEEEEEELLLLLLLLEEEEEEEELLLLLEEEEEEEEELLLLLEEEEEEELLLLEEEEEEELLLLLEEEELLLLLHHHLLL,HEEEEEEH,0.4468085106382978,0.1489361702127659,0.4042553191489361,57.778656197333895,8.665214440119616,3.901005252896215,3.7418476521160873
16,pd1_r1_10_r2_3,-600.063,1.7045987069634017,2.2638976998594584,2.8088554374987944,0.0410429835319519,0.8603665023816737,,13.26348568999089,94,QAQRFVNAAMTYQPGLIHIITVKRWDVMPVHVVVHNEKDSGQTDTLAASRVSPGSRTVGAWGTRNNNVQCGIASLKHGIQIKESPRAPPHAGWE,4,LHHHHHHHHHHLLLLLLEEEELLLLLLLLEEEEEEEELLLLLEEEEEEEEELLLLLEEEELLLLLLEEEEEEEELLLLLEEEELLLELLLLLLL,HEEEEEEE,0.4042553191489361,0.1063829787234042,0.4893617021276595,38.14851239439977,11.293614641518342,5.134855030339308,5.101474183910636
17,pd1_r1_13_r2_7,-589.387,1.7039022162278417,2.4310854652642133,2.618830538296784,0.061790645122528,0.9010486990513704,,13.463786667649543,93,MAKSTMTIFNHGQPRTVDVMANTPKGWAHVVMHLESHSGQTDTLAAGTAGNPEPVTQDQWQSIKKYKGQYLWCGIRSLGGFIQIKESSRFWMK,4,LLLEEEEEEELLEEEEEEELLLLLLLLLEEEEEEELLLLLEEEEEEEELLELLLLLHHHHHHHHHHLLLEEEEEEEELLLLLEEEELLLEELL,EEEEEHEEE,0.4731182795698925,0.1075268817204301,0.4193548387096774,36.004173538842515,7.3461274445287215,5.581694546940089,5.470607838355191
18,pd1_r1_13_r2_0,-538.623,1.68418514281112,2.30104102133458,2.692985387743006,0.0585290193557739,0.8665076564863785,,13.34130074487556,93,MDTPVEKFELHGMPVEVNTTAPVGEYWAHIVIHKEHTSGQTDTLAAGTAGRPMEHTQNDWESIEKYKGDMVSCGLVSLGDGIQIKEGWRQLVY,-7,LLLLEEEEEEHHEEEEEELLLLLLLLLEEEEEEEELLLLLEEEEEEEEELELLLLLHHHHHHHHHHLLLLEEEEEEELLLLLEEEELLLELLL,EHEEEEHEEE,0.4516129032258064,0.1290322580645161,0.4193548387096774,53.432728592082846,3.5518385593365505,1.7673495895422895,1.8416677396256813
19,pd1_r1_13_r2_9,-590.528,1.7018643010879084,2.3543931545253427,2.687585141881083,0.0636146068572998,0.971076094950598,,13.366318637454087,93,MVKANMTYMEYGQPRTVPVTAENGCMAAHVVFHLEQPSGQTDTLAAGTIGNQQPATADTWESIKNAKGKWVQCGIESLYGAIQIKEHTRMILP,-1,LEEEEEEEEELLEEEEEEEEELLLLLLEEEEEEEELLLLLEEEEEEEEELLLLLLLHHHHHHHHHHLLLEEEEEEEELLLLLEEEEEEEEELL,EEEEHEE,0.5591397849462365,0.1075268817204301,0.3333333333333333,42.961487085836,9.065527559973615,2.630547324964506,2.7331462476087904
