,Unnamed: 0,name,rosetta_energy,loss_tot,loss_cce,loss_entropy,loss_rep,loss_rog,contig_rmsd,contig_sc_rmsd,rog,len,seq,net_charge,ss,topology,ss_strand_frac,ss_helix_frac,ss_loop_frac,af2_lddt,rmsd_af2_des,contig_rmsd_af2_des,contig_rmsd_af2,folder
14,14,sh3_r1_120,-273.954,0.7146397933637609,1.3485420965762052,2.0796996258463896,0.051555246114730835,0.04184675216674805,0.4280840047750321,1.7400778390599818,13.43800480105986,96,NQMRNWKDDIQEWMEQAKQNPNEPKPPPRPPKPSANKSPEQKFEWFAMAALWMALWMAMKNGDYDAAWDMISLLKQSSNPEARIALIEQFRRKAAN,2,LHHHHHHHHHHHHHHHHHHLLLLLLLLLLLLLLLLLLLHHHHHHHHHHHHHHHHHHHHHHLLLHHHHHHHHHHHHHLLLHHHHHHHHHHHHHHHHL,HHHH,0.0,0.71875,0.28125,82.91794890082959,1.4850070838948186,0.6234655956104012,0.5586204646042491,output/20220103_sh3_r1/trf_relax/
17,17,sh3_r1_112,-217.127,0.6262877047705799,1.416416496038437,1.7059952318406957,1.34284491082326e-07,0.009026527404785156,0.4389559473207801,1.8264891879974856,11.80330046120002,70,NDQAQRRAQFKELMRDAVEAIKSGTKTAEFLYQEAWALANELGMPPPRPPKPGATPEEQAQQLESWAEDF,-4,LHHHHHHHHHHHHHHHHHHHHHHLLHHHHHHHHHHHHHHHHLLLLLLLLLLLLLLHHHHHHHHHHHHHHL,HHH,0.0,0.7428571428571429,0.2571428571428571,81.83095980698205,0.7226676810812811,0.19439434590667531,0.472451239441125,output/20220103_sh3_r1/trf_relax/
40,40,sh3_r1_87,-233.565,0.6791567529888193,1.3583175777975054,1.99114253692106,4.121320671401918e-05,0.04624122381210327,0.3295182228413125,1.8945622365914407,13.514336327095592,85,ELAAALQQAASNSNSPPLRQQAMNMIQRAEMALQSGPPAVQFILNMPPPRPPKPNSSNDVDDMKNYAKIMEAWNQLRQKARAFLN,3,LHHHHHHHHHHLLLLHHHHHHHHHHHHHHHHHHHHLHHHHHHHHHLLLLLLLLLLLHHHHHHHHHHHHHHHHHHHHHHHHHHHHL,HHHH,0.0,0.7882352941176469,0.21176470588235294,81.38854419456959,1.8782753695964896,0.592959672031398,0.5396883278534739,output/20220103_sh3_r1/trf_relax/
45,45,sh3_r1_192,-163.94,0.6859717348967891,1.5201808098289695,1.9011652182349168,2.4291193767567157e-06,0.008507788181304932,0.5773956258224329,1.9726788065030616,11.57370668098706,64,FLWALAQQLAEQSGAPPPRPPKPEMSAAQAIFEAAEWLAEYADPPQAEMLLDMAMAWEMAAMMF,-7,LHHHHHHHHHHHHLLLLLLLLLLLLLHHHHHHHHHHHHHLLLLHHHHHHHHHHHHHHHHHHHHL,HHH,0.0,0.703125,0.296875,86.16130937272024,2.67673714098049,0.5825564120535489,0.5367611519784657,output/20220103_sh3_r1/trf_relax/
56,56,sh3_r1_33,-263.348,0.657621549999906,1.4368178404315752,1.8335767590022856,1.1430108770582592e-06,0.0177108645439148,0.7362846733711803,2.111412645900425,12.369104992059855,92,AAKERNNARNLIRNAENTNMTPADAKNLRAQALRLLLRLIDEGDIPQALNLYWEANRAAHRQSGEPPPRPPKPGDPPAAKAQIKNQADQALA,4,LHHHHHHHHHHHHHHHHLLLLHHHHHHHHHHHHHHHHHHHHLLLHHHHHHHHHHHHHHHHHHHLLLLLLLLLLLLHHHHHHHHHHHHHHHHL,HHHH,0.0,0.7717391304347826,0.2282608695652173,80.81850698608362,1.855079870885439,0.6431527754351827,0.5693018232728002,output/20220103_sh3_r1/trf_relax/
86,86,sh3_r1_22,-298.567,0.6709158853915942,1.3672261278110518,1.9183029046048723,1.1737381555576576e-06,0.06904804706573486,0.33835360084545274,1.3872426402996705,13.836364365515823,96,EKDAARNDARKEMAQARALADAAAALAFNNQATDSDIRQAYEDLRRLWARAAALNAADGMPPPRPPKPELMNSPDPQLAIALILEQINDYINYIER,-3,LLHHHHHHHHHHHHHHHHHHHHHHHHHHLLLLLHHHHHHHHHHHHHHHHHHHHHHHHHLLLLLLLLLHHHHLLLLHHHHHHHHHHHHHHHHHHHLL,HHHH,0.0,0.7708333333333334,0.22916666666666666,81.91100988773472,2.186902250833494,0.4505167110171463,0.4193455481476299,output/20220103_sh3_r1/trf_relax/
99,99,sh3_r1_85,-229.768,0.6048045926181864,1.3160249737125855,1.6954206496027568,1.6017592088246604e-06,0.012574136257171627,0.608008647254369,1.5004561396765292,12.039830923813884,75,NAAAKAELQNALAQLEALAQQGAPAQQIQALAQAAYKLARDARQANPNQPPPRPPKPGMTPAEQREQIAMLIDEF,0,LHHHHHHHHHHHHHHHHHHHLLLLHHHHHHHHHHHHHHHHHHHHLLLLLLLLLLLLLLLLHHHHHHHHHHHHHHL,HHH,0.0,0.7066666666666667,0.2933333333333333,85.73011038129408,0.8006328417292877,0.4817729457658961,0.4107990772719273,output/20220103_sh3_r1/trf_relax/
102,102,sh3_r1_146,-190.15599999999998,0.6544947208274646,1.3945291705291578,1.8602376706088688,0.0021518226712942123,0.013403117656707764,0.5106790200947599,1.8909227807077769,12.251872847132287,64,WPDWMQRIRQARQAKASGNEAAFQQLLRQLANLPPPRPPKPGMPPQERAQWEADMDLYDDARRL,2,LHHHHHHHHHHHHHHHLLLHHHHHHHHHHHHHLLLLLLLLLLLLHHHHHHHHHHHHHHHHHHHL,HHH,0.0,0.734375,0.265625,85.66562746485715,1.060924318211191,0.4642324229950386,0.4659284236468683,output/20220103_sh3_r1/trf_relax/
123,123,sh3_r1_66,-224.481,0.5898577949848042,1.2849475617210069,1.6531956618244783,1.6593444343016015e-06,0.011142432689666748,0.5454711042140978,1.9342232606361645,11.887709281273274,78,NRQELAADAFFLADQAQEAAQEDPDDAFNALDAIWDLAADARKAAGMPPPRPPKPGMSPAEIKAEIQELKAWIQDIAN,-8,LLHHHHHHHHHHHHHHHHHHHHLHHHHHHHHHHHHHHHHLLLHHHLLLLLLLLLLLLLHHHHHHHHHHHHHHHHHHHL,HHHH,0.0,0.7435897435897436,0.2564102564102564,88.2499320014118,0.5577899521218739,0.29133665485775473,0.5323291132980439,output/20220103_sh3_r1/trf_relax/
133,133,sh3_r1_110,-305.092,0.6420774977100925,1.2250285328676305,1.9119236491337601,0.0,0.07343530654907228,0.2840694419508461,1.5691225754519715,13.929003334029755,95,NKALKKYLKDLADYIKQMAKNMAENPSMPPPRPPKPTAQNANAINNLSAEQRQALLNLLAQAMMAAMRLRNNPNDNQALKQLQRAAKDLKAFLED,7,LHHHHHHHHHHHHHHHHHHHHHHHLLLLLLLLLLLLLHHHHHHHHLLLHHHHHHHHHHHHHHHHHHHHHHHLLLLHHHHHHHHHHHHHHHHHHHL,HHHH,0.0,0.7684210526315789,0.23157894736842105,86.04641098606409,1.1532232278231171,0.3288371014787621,0.30557110282350725,output/20220103_sh3_r1/trf_relax/
156,156,sh3_r1_69,-195.524,0.5946699872160368,1.2892800268751603,1.6738550884576586,1.8638610299603892e-07,0.010214447975158691,0.3785792765665936,1.4573444964571338,11.787690090912461,70,AWQRLYAQLRQLSMQLGLPPPRPPKPGMTPQEQMKEIYEEIQWLKSRAKQNGASAAQIAALDALKNEIKQ,4,LHHHHHHHHHHHHHHLLLLLLLLLLLLLLHHHHHHHHHHHHHHHHHHHHHLLLLHHHHHHHHHHHHHHHL,HHH,0.0,0.7142857142857143,0.2857142857142857,89.16816011935938,0.79828992931481,0.299623006725298,0.4282380778353661,output/20220103_sh3_r1/trf_relax/
185,185,sh3_r1_43,-184.72299999999998,0.6846076322848269,1.453281396103126,1.962151754289394,4.742371970678505e-07,0.007604062557220459,0.5845823414321453,1.7044190110802415,11.965088230713716,66,EFAERLDSMPPPRPPKPGESPDEVLEDMREEYSAPEFALALLFYKAWLLNLDPAEMQEMRREAAAL,-8,LHHHHHHLLLLLLLLLLLLLHHHHHHHHHHHLLHHHHHHHHHHHHHHHLLLLHHHHHHHHHHHHHL,HHHH,0.0,0.6818181818181818,0.3181818181818182,81.49447518880632,1.0097385644681092,0.32680610445685915,0.4786308125624261,output/20220103_sh3_r1/trf_relax/
194,194,sh3_r1_78,-324.254,0.6259895897245016,1.3514805945947217,1.7543235825677397,6.761669624211206e-08,0.024143636226654053,0.5123976434120963,1.9851067247951613,12.471108496564515,95,AIAQAAQLARQAKNASPEELKALLYDLAHALNQIAAAANQNRGMPPPRPPKPGMSPEELIEQIKQQAAEIMMHSPNADQAAELLDILDDLQDQLN,-6,LHHHHHHHHHHHHHLLHHHHHHHHHHHHHHHHHHHHHHHHHLLLLLLLLLLLLLLHHHHHHHHHHHHHHHHHHLLLHHHHHHHHHHHHHHHHHHL,HHHH,0.0,0.7789473684210526,0.22105263157894736,85.5117980592137,1.0747443907634395,0.6768121514231669,0.350241777916516,output/20220103_sh3_r1/trf_relax/
