,name,rosetta_energy,loss_tot,loss_cce,loss_entropy,loss_rep,loss_rog,contig_rmsd,contig_sc_rmsd,rog,len,seq,net_charge,ss,topology,ss_strand_frac,ss_helix_frac,ss_loop_frac,af2_lddt,rmsd_af2_des,contig_rmsd_af2_des,contig_rmsd_af2
0,sh3_r1_183,-146.081,0.7224014321858878,1.458421248666666,2.038314851326393,5.211794018578075e-07,0.11527001857757567,0.3338740447424269,1.8073111533503523,14.468484470292232,57,FSELKMAALLKYLQEWAARIEELRAKTGDKEDAMAEMQNMPPPRPPKPQELQELEQA,-3,LLHHHHHHHHHHHHHHHHHHHHHHHHHLLHHHHHHHHHHLLLLLLLLHHHHHHHHHL,HHH,0.0,0.7719298245614035,0.2280701754385965,84.21721702928814,2.637816169469683,0.5825363188279878,0.6274825638484731
1,sh3_r1_152,-278.836,0.6829996243822999,1.4423964138108267,1.9325189626138015,0.00019698974210768935,0.03968876600265503,0.8330343535756253,1.8101812914426196,13.282049552746345,90,SMRDFALAALNAPPPRPPKPGQNIPPEEWAQEAMAYAQMLIFALMSAGDEELLDRAKQRLARWAEWAKKYGSPDAMQRLQQAYQWARAAA,1,LHHHHHHHHHHLLLLLLLLLLLLLLHHHHHHHHHHHHHHHHHHHHLLLLHHHHHHHHHHHHHHHHHHHHHLLHHHHHHHHHHHHHHHHHL,HHHH,0.0,0.7555555555555555,0.24444444444444444,77.10520417918734,1.6042692135937426,0.36120293288765576,0.9934522953348758
2,sh3_r1_91,-156.261,0.6974874758359508,1.4236143560459218,2.045281847351216,6.649195825048082e-07,0.018539845943450928,0.4879642194185704,1.9779374610829008,12.337117741725292,59,FAFAAQELWQFAAQLPPEQAYALLQMFWMLLMAAERMKNPNQPPPRPPKPAQIKRAAQA,3,LHHHHHHHHHHHHHLLHHHHHHHHHHHHHHHHHHHHHHLLLLLLLLLLLHHHHHHHHHL,HHH,0.0,0.7457627118644068,0.2542372881355932,70.47841713295837,4.585283757143289,0.5988662848482396,0.4726939408274808
3,sh3_r1_40,-170.964,0.6917680058526582,1.437567177263123,2.005239854470476,4.263600203557871e-06,0.016024470329284668,0.5268264297964066,1.331051530183453,12.453034601724285,63,FQEPPPPPRPPKPNQKIDPDDAKDMLQQAKAYKQYAFNSDDEEAAEKYLDWYDQYEALAAKAF,-5,LLLLLLLLLLLLLLLLLLHHHHHHHHHHHHHHHHHHHHHLLHHHHHHHHHHHHHHHHHHHHHL,HH,0.0,0.6666666666666666,0.3333333333333333,71.8545196717217,1.2245166514132688,0.6231884513003065,0.5880444911744898
4,sh3_r1_96,-217.672,0.622989258551765,1.3176573910233047,1.7825009400379417,2.4664402076268743e-08,0.014787912368774412,0.2907242261074217,1.710058216829217,12.424945377866823,72,RAEALALAAEILQLADQNDWQQAMQLADEANAELGRPPPRPPKPEAGATPQEWQKQMAQWYRESALELLNFA,-5,LHHHHHHHHHHHHHHHLLLHHHHHHHHHHHHHHLLLLLLLLLLLLLLLLHHHHHHHHHHHHHHHHHHHHHHL,HHH,0.0,0.7083333333333334,0.2916666666666667,93.62745120629877,1.0474007786446973,0.6981425507676728,0.6756716171941274
5,sh3_r1_129,-215.001,0.6177880323037374,1.30316064444681,1.7688951593286109,2.24020482164633e-07,0.016883909702301025,0.5035015609383625,1.920755800013439,12.31602447260656,80,NQEFAAAADELAKLADKAQQAINNGASAEQIRALQADYWAIMQQADRQMGRPPPRPPKPGMTPQEQEEQLQQMKQEIKNA,-2,LHHHHHHHHHHHHHHHHHHHHHHLLLLLLHHHHHHHHHHHHHHHHHHHHLLLLLLLLLLLLLHHHHHHHHHHHHHHHHLL,HHH,0.0,0.725,0.275,77.968055351214,1.876016617647272,0.27850558282149884,0.4429659328717845
6,sh3_r1_47,-227.032,0.7331023550649469,1.5632879021405068,2.0700744770079904,1.1731361837519216e-06,0.03214704990386963,0.5834677902993893,2.172892809897846,13.239924519372167,81,AAMQEAQAYQERLLRARSALFDLAEEMGWNDAQERQQIAEWILYRLAQKNGQRPPWFDNMPPPRPPKPNMPPWFRAAMAKA,2,LHHHHHHHHHHHHHHHHHHHHHHHHHLLLLLHHHHHHHHHHHHHHHHHHLLLLLHHHHHLLLLLLLLLLLLHHHHHHHHHL,HHHH,0.0,0.7037037037037037,0.2962962962962963,76.39429610787971,1.4830040844953276,0.6754915174213612,0.7857779312852845
7,sh3_r1_184,-290.299,0.6642643168086159,1.3782784388297131,1.9259211709509567,0.0006376224919222295,0.015846729278564453,0.7981451997373821,1.3819419341004064,12.413831808623824,97,EAAKMALNPNAPPPRPPKPGDGMDPQEWQEYRAAWQSGNPEERAAAALLWVALEMNDPAQAQFAKKLAADFERAAQAGNPARARALAAEQFEKLKRL,0,LHHHHHHLLLLLLLLLLLLLLLLLHHHHHHHHHHHHLLLHHHHHHHHHHHHHHHLLLHHHHHHHHHHHHHHHHHHHLLLHHHHHHHHHHHHHHHHHL,HHHHH,0.0,0.711340206185567,0.28865979381443296,68.18738238612957,2.1650446889180075,1.1541424628429742,1.0424587997002048
8,sh3_r1_155,-268.569,0.6644858070589085,1.3449798322938105,1.911994696429475,3.6939738379260245e-07,0.06545376777648926,0.5177943754085758,1.6716295560145509,13.766390665885886,92,AKARAEAKQKADQLYKQAEANAEEMKQNQQSNQPWDQQEWEQWRQKWQQLSQANNALFGMPPPRPPKPGQNPPSAQEMKDQAREAKNYINMY,2,LHHHHHHHHHHHHHHHHHHHHHHHHHHHHHLLLLLLHHHHHHHHHHHHHHHHHHHHHHLLLLLLLLLLLLLLLLHHHHHHHHHHHHHHHHHL,HHH,0.0,0.7391304347826086,0.2608695652173913,69.92422178670094,2.9063973350809302,0.5206871588900929,0.32948907404091976
9,sh3_r1_98,-293.555,0.7506849947328921,1.4911222573783662,2.2139440970729902,0.0,0.04835861921310425,0.5172135620308658,2.028776319585913,13.619129547150125,98,DPFDQADWAKLKAKAAKALKAHNRPAIFMMLNNNNPPPPPRPPKPGQNNPAQLREWAAAWRLYAKLAALNLSPAQRAQAKRYADRAEQYKKEAAKRQD,11,LLLLLHHHHHHHHHHHHHHHHHLLHHHHHHHHHLLLLLLLLLLLHHHLLHHHHHHHHHHHHHHHHHHHHHLLHHHHHHHHHHHHHHHHHHHHHHHHHL,HHHHH,0.0,0.7653061224489796,0.2346938775510204,63.49614384279288,2.257001080159289,0.8643562983026591,1.0117228874985191
10,sh3_r1_127,-189.653,0.6628298382172276,1.3338512562353302,1.9413844684068076,4.0626048303238354e-07,0.03891265392303467,0.4274584883302789,1.7403519085004553,13.255681939590133,67,AQAALNQARKEYMAARALYRNANPNQPPPRPPKPKKSDDPADQQEWAQQAKAYARKAKKDAFMRKQA,9,LHHHHHHHHHHHHHHHHHHHHHLLLLLLLLLLLLLLLLLHHHHHHHHHHHHHHHHHHHHHHHHHHHL,HH,0.0,0.7164179104477612,0.2835820895522388,73.70965460106211,1.7096352049426111,0.8175573801238657,0.7563016527856999
11,sh3_r1_49,-207.2,0.6863780690361847,1.3060099283854163,2.0886518911792784,0.00482976483181119,0.0275689959526062,0.3658065561477414,1.6369944007051866,13.125652050939735,80,SKWANSIKYKAQSPSGVQAEAEIEAYGSEEQIQEAEEWAQHLMNMLSGQSTAPPPRPPKPGDGAYAKAKVTSANGTTIQA,-2,LLLLEEEEEEEELLLLLEEEEEEEEEELHHHHHHHHHHHHHHHHHHLLLLLLLLLLLLLLLLLEEEEEEEEELLLLEEEL,EEHEE,0.375,0.225,0.4,69.69355810486704,2.417059136548283,0.6262482092989463,0.7047343097185992
12,sh3_r1_35,-269.204,0.6748881428734737,1.2822053302769307,1.986778622601556,5.026507210459386e-07,0.10545575618743896,0.59400830551625,1.7461862939010149,14.128478553820125,92,DAWMLLMQLAQNAGMPPPRPPKPGASPAEAAQQIQEAANELAAIYDRLPANQPVYSPNGEPMTPAQARQEYRRIKRDYAAEARQAAREQADE,-2,LHHHHHHHHHHHLLLLLLLLLLLLLLHHHHHHHHHHHHHHHHHHHHLLLLLLLEELLLLLEELHHHHHHHHHHHHHHHHHHHHHHHHHHHHL,HHEEH,0.043478260869565216,0.6413043478260869,0.31521739130434784,73.6237385554338,1.5273206524887168,0.3625937936028819,0.6218659816532178
13,sh3_r1_32,-158.497,0.6507574527686011,1.359838206872896,1.888723549755036,5.917141606914811e-05,0.00510716438293457,0.7435484073623642,1.7201860738151589,11.057827587806894,61,QIKDEIKQAKQAKAEGLPPPRPPKPEDGSPADMILYAALRAALMGDPPQIEQLLDMLQQLA,-2,LHHHHHHHHHHHHHHLLLLLLLLLLLLLLLHHHHHHHHHHHHHHLLHHHHHHHHHHHHHHL,HHH,0.0,0.6885245901639344,0.3114754098360656,72.10733054549293,2.0490495195027254,0.9234008840593004,0.7654155870654004
14,sh3_r1_120,-273.954,0.7146397933637609,1.3485420965762052,2.0796996258463896,0.051555246114730835,0.04184675216674805,0.4280840047750321,1.7400778390599818,13.43800480105986,96,NQMRNWKDDIQEWMEQAKQNPNEPKPPPRPPKPSANKSPEQKFEWFAMAALWMALWMAMKNGDYDAAWDMISLLKQSSNPEARIALIEQFRRKAAN,2,LHHHHHHHHHHHHHHHHHHLLLLLLLLLLLLLLLLLLLHHHHHHHHHHHHHHHHHHHHHHLLLHHHHHHHHHHHHHLLLHHHHHHHHHHHHHHHHL,HHHH,0.0,0.71875,0.28125,82.91794890082959,1.4850070838948186,0.6234655956104012,0.5586204646042491
15,sh3_r1_169,-278.194,0.7219783933644723,1.3549543454967163,2.1635984685961844,8.551656947020092e-07,0.09133744239807128,0.37054284793950265,1.733260194062699,14.360976972732635,98,PLPPPRPPKPVNSVPSENGNTVEAYEDNSDEEDNQPKITIKIKVGNKQYTAVIEADNTGMKIQPPKDWPKNLPKQARRQIEKAAAKKANKKAQAQKNQ,6,LLLLLLLLEEEEEEELLLLLEEEEEEELLLLLLLLLEEEEEEEELLEEEEEEEEELLLLEEEELLLLLLLLLLHHHHHHHHHHHHHHHHHHHHHHHHL,EEEEEH,0.35714285714285715,0.24489795918367346,0.3979591836734694,71.09557619380344,3.0404249783309467,0.5756824793780593,0.6237843859610076
16,sh3_r1_115,-213.748,0.6353436610849252,1.3326423902202535,1.8218466661850257,3.6928747704223497e-06,0.022221863269805908,0.3244674924553209,1.6768477275727904,12.839885284382618,80,AAEARAKRRKRLQRLRADADKAAANPTDEAFQLWQELWELWKENAPPGMPPPRPPKPGASAAEQAEQIKQMANEIQAWAR,3,LHHHHHHHHHHHHHHHHHHHHHHHLLLHHHHHHHHHHHHHHHHHLLLLLLLLLLLLLLLLHHHHHHHHHHHHHHHHHHHL,HHH,0.0,0.7375,0.2625,77.18433371461505,2.007415745006224,0.5211808445340215,0.6030597385063651
17,sh3_r1_112,-217.127,0.6262877047705799,1.416416496038437,1.7059952318406957,1.34284491082326e-07,0.009026527404785156,0.4389559473207801,1.8264891879974856,11.80330046120002,70,NDQAQRRAQFKELMRDAVEAIKSGTKTAEFLYQEAWALANELGMPPPRPPKPGATPEEQAQQLESWAEDF,-4,LHHHHHHHHHHHHHHHHHHHHHHLLHHHHHHHHHHHHHHHHLLLLLLLLLLLLLLHHHHHHHHHHHHHHL,HHH,0.0,0.7428571428571429,0.2571428571428571,81.83095980698205,0.7226676810812811,0.19439434590667534,0.472451239441125
18,sh3_r1_72,-278.639,0.6864922216170608,1.2711305434091225,2.0993471734992717,0.0006811243947595358,0.06062114238739014,0.483031941076762,1.950436698449104,13.818470704262765,93,EEQQRKARRLASSGKPDQLRAALAAAARKIAQMHNDAADARHFYLWMNDPNMPPPRPPKPSSNNPQDEAKYFDYLKLMQLIRAAIQAQRKWRA,8,LHHHHHHHHHHHHLLHHHHHHHHHHHHHHHHHHHLLHHHHHHHHHHHHLLLLLLLLLLLLLLLLHHHHHHHHHHHHHHHHHHHHHHHHHHHHL,HHHH,0.0,0.7634408602150538,0.23655913978494625,70.83910710248179,1.4285458553492438,0.6498161619699605,0.4878317614140102
19,sh3_r1_160,-297.106,0.6825479507676702,1.4361821164687476,1.9361055534967244,1.05902190625784e-05,0.04043090343475342,0.9745895647664286,1.784069508406373,13.109560600206873,100,ALQDLRQKIEEAKNSGDPPQLARAAYDLIMAIQRQKAAQNGMPPPRPPKPNMSPPAIEQLYNAAKELIEAKNNPDNYKQALQRARANWQRAEDQADADFF,1,LHHHHHHHHHHHHHHLLHHHHHHHHHHHHHHHHHHHHHHHLLLLLLLLLLLLLHHHHHHHHHHHHHHHHHHHLHHHHHHHHHHHHHHHHHHHHHHHHHHL,HHHH,0.0,0.82,0.18,73.10057908996734,2.099378385128073,0.847442395388537,0.8794197949829099
20,sh3_r1_167,-222.711,0.6848098277413864,1.4412837644556056,1.9175083676063565,2.0351886632852256e-05,0.0652163028717041,0.9281472850153729,2.1465132049568942,13.621535369182453,75,SFDPQELYQKLRQNYADARALSAADGQPPPRPPKPEMLARLKKTNKPEAQKEMKAIAQEANNQAQEMQQRRQNRQ,5,LLLHHHHHHHHHHHHHHHHHHHHHLLLLLLLLLLHHHHHHHHHLLLHHHHHHHHHHHHHHHHHHHHHHHHHHHHL,HHH,0.0,0.7733333333333333,0.22666666666666666,75.8813299618636,0.9911309266095392,0.5811060802361524,0.6902984707743758
21,sh3_r1_75,-142.416,0.6924591613229231,1.3406762149598863,1.9253062753333492,6.53016570595355e-07,0.19631201028823853,0.5046158555341773,1.9892487104919785,14.773287390908525,58,AAEQLLEEARALLSEAQSNRARWMENQKQRAKGGHGPPPRPPKPELIAEAADLEQAAL,-1,LHHHHHHHHHHHHHHHHHHHHHHHHHHHHHHLLLLLLLLLLLLHHHHHHHHHHHHHHL,HH,0.0,0.7586206896551724,0.2413793103448276,75.82607855394778,2.5877107732849924,0.4726766606160734,0.7119542598877328
22,sh3_r1_18,-189.191,0.6364931671500142,1.2530550149579842,1.9094877074436325,4.880440087617899e-07,0.019922137260437008,0.5134401096133822,1.8844669368951217,12.901204785340495,70,SAQKNARRDAENKYRQRYLEAMKKSNTPADIWAAYKQLWMDWRATNPNMPPPRPPKPGMTPQQQRQDFAR,8,LHHHHHHHHHHHHHHHHHHHHHHHLLLHHHHHHHHHHHHHHHHHHLLLLLLLLLLLLLLLHHHHHHHHHL,HHH,0.0,0.7142857142857143,0.2857142857142857,78.63228500386897,1.2108680564217795,0.6398625712599982,0.5079917818155325
23,sh3_r1_176,-236.055,0.6025627739796919,1.2643238664087324,1.7293572884910084,1.1003613309412684e-07,0.01913249492645264,0.5624250919530277,1.6739142661815878,12.49493966107607,81,NARNQARENADDNIQALEAAINNGQTWQQQMQLYAQAAAAYRAMNPGMPPPRPPKPGMSEAEQNQQIREMKNEIRQNINRA,1,LHHHHHHHHHHHHHHHHHHHHHLLLLHHHHHHHHHHHHHHHHHHLLLLLLLLLLLLLLLHHHHHHHHHHHHHHHHHHHHHL,HHH,0.0,0.7407407407407407,0.25925925925925924,81.6015533962696,0.7673256541161886,0.4738705950780102,0.7101551829543521
24,sh3_r1_64,-269.069,0.7007411753279988,1.2494432881336521,1.9425469856315865,0.13019180297851562,0.05133199691772461,0.5942789840612782,1.6669159930236226,13.631807361694634,86,FEEARRLLSQLEQEYAQAWQQDQDNNNWKPPPRPPKPSKENPAKDQAEYLKNRAKAMKDYLSESLPPAQRARLAKLADQAIEELAQ,0,LHHHHHHHHHHHHHHHHHHHHHHHHLLLLLLLLLLLLLLLLHHHHHHHHHHHHHHHHHHHHHHHLLHHHHHHHHHHHHHHHHHHHL,HHH,0.0,0.7674418604651163,0.2325581395348837,77.00629242879016,1.061852742926009,0.7049932490694111,0.7005671106714226
25,sh3_r1_63,-200.511,0.7081886406863188,1.3972630133783377,2.120722334101284,0.000501391536090523,0.02195507287979126,0.6470709454603679,1.4483587877312225,13.144487314241578,76,LQYKYKKTGNTYEYEASLPQALRLKEEAQQHGATVEVKRTAGGVVTYTVKPKNANSPPPRPPKPPNSENERQAANR,6,LLLEEEEELLEEEEEEEHHHHHHHHHHHHHLLLEEEEEELLLLEEEEEEELLLLLLLLLLLLLLLLLHHHHHHHHL,EEHEEH,0.32894736842105265,0.27631578947368424,0.3947368421052632,69.05993881285086,4.71029481565375,0.7708730223903759,0.8382525408132895
26,sh3_r1_171,-127.131,0.7595771933067305,1.3462187747850465,2.418486042476183,1.6907109966268766e-05,0.033147335052490234,0.5336688310392346,1.8816596041008165,13.613703406800445,55,KVEYERPASQPPPRPPKPNKENPKQAENWPRAKPEKKPDGSKKYTLESDQPWARQ,5,LEEEEELLLLLLLLLLLLLLLLHHHHHLLLEEEEEELLLLLEEEEEELLLHHHHL,EHEEH,0.3090909090909091,0.16363636363636366,0.5272727272727272,64.85742380197098,11.390179417664836,0.7086515153177314,0.7591783742210969
27,sh3_r1_103,-153.335,0.6988115809355909,1.4310803249892259,2.0280901999303693,6.276011532690973e-08,0.03488725423812866,0.6024524240013922,1.923529612540766,13.214806994910214,60,LDQWKNWAEARAERLPADQAEAYKKQMQQWAAQKKEALFSGNPQAANMPPPRPPKPKNAA,4,LHHHHHHHHHHHLLLLHHHHHHHHHHHHHHHHHHHHHHHLLLHHHHLLLLLLLLLLLLLL,HHH,0.0,0.6333333333333333,0.36666666666666653,74.70538434726878,2.143647488743961,0.7090028357262976,1.1270442264307456
28,sh3_r1_11,-126.169,0.7180881002371691,1.5020592883229256,2.0805470105876567,2.713131834752857e-07,0.007833659648895264,0.6130546055652965,2.049540847364914,11.72171174449296,56,KLADFLPPPRPPKPNMPEAEAQAEAMLYAAYLLSPDRAQARAMAAQAKPQAAAALQ,1,LHHHHLLLLLLLLLLLLHHHHHHHHHHHHHHHHLLLHHHHHHHHHHHHHHHHHHHL,HHH,0.0,0.6964285714285714,0.3035714285714285,69.6011941525317,3.8262956397907217,0.2838867037662779,0.4953143731752176
29,sh3_r1_16,-206.898,0.6713802256580319,1.4167005052031192,1.9146961657015176,8.282220278488239e-07,0.025502800941467285,0.3229879483064123,1.81964303606636,12.911975641644876,73,DQDKARKQARQKAKALRAEAAALGNPEMIRWLDNAPPEQRAEHASEAKSLLKLQAQNPGQPLPPPRPPKPNKN,6,LHHHHHHHHHHHHHHHHHHHHHLLLHHHHHHHHLLLHHHHHHHHHHHHHHHHHHHHLLLLLLLLLLLLLLLLL,HHH,0.0,0.6712328767123288,0.3287671232876712,78.09887212920886,1.7571200579372122,0.6203983412398829,0.509450394966418
30,sh3_r1_178,-228.245,0.612456795562326,1.2912255724271138,1.7446224828953503,5.416870063612578e-09,0.026435911655426025,0.3123342736478365,1.812150541536245,12.604488017999675,78,KFRAELDQAQNDFWQHAQQDANNQGRPPPRPPKPGMSPQEQKEQLQEAAQEHGSPAAQQAYQKLLKRLKAAQQAEAAN,1,LHHHHHHHHHHHHHHHHHHHHHHHLLLLLLLLLLLLLHHHHHHHHHHHHHHHLLHHHHHHHHHHHHHHHHHHHHHHHL,HHH,0.0,0.7820512820512819,0.21794871794871795,80.63973601319162,1.275581610548316,0.5575487561413421,0.623542489180637
31,sh3_r1_104,-276.034,0.6666872975415029,1.364700278888146,1.8945650778451049,3.601705884648254e-07,0.07417041063308716,0.40738981311077344,1.9149262579249091,13.7043424195254,88,IQFWAWQAAEELQDKLQELAQQSNAPPPRPPKPGMPPQDQAANIREQASWYANANDPQLRDKAKDLKMLAQAYYMAAQFAKEKAEAKA,0,LHHHHHHHHHHHHHHHHHHHHHHLLLLLLLLLLLLLHHHHHHHHHHHHHHHHHLLLHHHHHHHHHHHHHHHHHHHHHHHHHHHHHHHL,HHH,0.0,0.7954545454545454,0.20454545454545456,79.93026514225869,1.7337986201306692,1.598735290693174,1.4173146264936132
32,sh3_r1_23,-134.38,0.7463818046290971,1.3657211057013934,2.314797304784276,9.66814059211174e-06,0.051371276378631585,0.8857645451696327,1.6785996262974507,13.951865000451587,59,KNNRQYTRETYKPRDGRMTKKTEKVTIPEGQPPPRPPKPGDPPPKDGAKAEKVKYKFDD,7,LLEEEEEEEEEEEELLEEEEEEEEEEEELLLLLLLLLLLLLLLLLLLLLEEEEEEEELL,EEE,0.5423728813559322,0.0,0.4576271186440678,73.71645610755186,4.584851765430102,1.2760776951518922,1.159136373689643
33,sh3_r1_131,-148.942,0.6852474428734261,1.3461755539670035,2.050205245338184,1.9444465237938855e-07,0.029856026172637936,0.6451834227240009,1.8132525486915707,13.037246892659535,60,KYQQFMQEYQQLYDSPDFTPDEWAAAWAQYQADAKKKRKESPNAPPPPRPPKPSKAQRAA,3,LHHHHHHHHHHHHHLLLLLHHHHHHHHHHHHHHHHHHHHHLLLLLLLLLLLLLLHHHHHL,HHH,0.0,0.65,0.35,71.62945848463977,3.0380775766999752,0.9625881413533532,0.7244088412655084
34,sh3_r1_136,-231.807,0.6974215287818798,1.3973722356475062,2.0624845597041506,3.979719986091368e-05,0.02717125415802002,0.6864085557408544,1.4909111932555603,12.769684842133124,78,FKEEDAYKLIQRAYAQAAARRKAQGMPPPRPPKPGQKIKAKLTKFPNPNSGKPMLVVVAVSPSGQVAMQYPISLEDAK,9,LLHHHHHHHHHHHHHHHHHHHHHLLLLLLLLLLLLLLLEEEEEEEELLLLLLEEEEEEEELLLLLEEEEEEEELLLLL,HEEE,0.3076923076923077,0.2692307692307692,0.4230769230769231,69.01746896321099,2.457954074275245,0.3931419798121956,0.4934239830001641
35,sh3_r1_58,-150.862,0.7032072219574169,1.3832339457477685,2.0256564968201536,7.15255701888573e-11,0.10714566707611084,0.6230519448937651,2.058649955018734,14.31862588541008,56,AEAQRAAREASAKKQQWMEWMEQRAQWMMNPPSNGPPPRPPKPEELEAAQEALAAL,-1,LHHHHHHHHHHHHHHHHHHHHHHHHHHHHLLLLLLLLLLLLLHHHHHHHHHHHHLL,HH,0.0,0.7142857142857143,0.2857142857142857,79.79737131880913,1.3059278581199676,0.6557161053275617,0.6434863678819385
36,sh3_r1_89,-229.069,0.7190576170505371,1.3466520178373214,2.1809706459628413,1.1665821197937022e-08,0.06766539812088013,0.4505731505132862,2.049610480245845,14.064493601402445,91,KNYEKQEKAYKAYRPAWAAWRDAAAQGANWEEMRDLRDQAYDLYERSTDPQEAQAAAQQYQAQWQEKAETSPPQQAPPPPRPPKPSPNSEK,-1,LHHHHHHHHHHHHHHHHHHHHHHHHLLELHHHHHHHHHHHHHHHHLLLLHHHHHHHHHHHHHHHHHHHLLLLELLLLLLLLLLLLLLLLLL,HEHHE,0.02197802197802198,0.6483516483516484,0.3296703296703297,74.22313470009641,5.143524581094128,1.304959497402263,1.0670939028522146
37,sh3_r1_24,-154.337,0.6647469155413077,1.431806020990566,1.8762310211301856,9.594714356353506e-06,0.015678346157073975,0.4346257084892696,1.7377335823238376,12.522981481476894,60,QQARAQAKQQLKAAQQDYQKAMASPNASWAQYWALMIRWFWAAAQANEPPPRPPKPEQLA,4,LHHHHHHHHHHHHHHHHHHHHHHLLLLLHHHHHHHHHHHHHHHHHHLLLLLLLLLHHHHL,HHH,0.0,0.7333333333333333,0.26666666666666666,73.95787422739234,1.5326151930286318,0.545069641336834,0.4263904201666467
38,sh3_r1_138,-292.568,0.6394584086328297,1.3165695467204959,1.835223202539353,4.911923383588146e-07,0.0454983115196228,0.3817258967159723,1.6757270065564642,13.324014220254565,91,QKQKQKAQLTQQMQSQLDQMTRAIEQNDPERLQQMLDSINRNINQANPNMPPPRPPKPEYIEQAETNPAQAKNELRRHINEQIKDIEKALS,1,LHHHHHHHHHHHHHHHHHHHHHHHHLLLHHHHHHHHHHHHHHHHHHLLLLLLLLLLLHHHHHHHHHLHHHHHHHHHHHHHHHHHHHHHHHL,HHHH,0.0,0.8131868131868132,0.1868131868131868,74.91617591329182,1.6073335555467894,0.5045033620606164,0.6521883814524593
39,sh3_r1_56,-199.196,0.6938260379310285,1.4916733808953455,1.94756121674456,0.0014821828808635473,0.026931226253509518,0.4271196693748058,1.3476914127033288,12.869397720979865,83,QFEQQRAEAMELFPRLMPYMPRAKQAMAQMQQQGAPPPRPPKPNDIPAAENLLAEALEKPPDTPQQAMRLFWAAMALSEQLMA,-1,LHHHHHHHHHHHHHHHHHHHHHHHHHHHHHHHHLLLLLLLLLHHHHHHHHHHHHHHHHLLLLLHHHHHHHHHHHHHHHHHHHL,HHH,0.0,0.8072289156626506,0.1927710843373494,84.24178033334786,2.135526717926476,0.5907198376910977,0.6374389539882197
40,sh3_r1_87,-233.565,0.6791567529888193,1.3583175777975054,1.99114253692106,4.121320671401918e-05,0.04624122381210327,0.3295182228413125,1.8945622365914412,13.514336327095592,85,ELAAALQQAASNSNSPPLRQQAMNMIQRAEMALQSGPPAVQFILNMPPPRPPKPNSSNDVDDMKNYAKIMEAWNQLRQKARAFLN,3,LHHHHHHHHHHLLLLHHHHHHHHHHHHHHHHHHHHLHHHHHHHHHLLLLLLLLLLLHHHHHHHHHHHHHHHHHHHHHHHHHHHHL,HHHH,0.0,0.7882352941176469,0.21176470588235294,81.38854419456959,1.8782753695964896,0.592959672031398,0.5396883278534739
41,sh3_r1_3,-172.422,0.6766222508655487,1.494270434534108,1.8780893434787271,1.9903196516679603e-05,0.010711669921875,0.6516373503995919,2.141139620574814,11.955010060177836,64,LFQKAKRLKKQAARWAKDKNSGGPPPRPPKPEDIAMLQDALEQMSPPQRQELRQLLQAYVAFMA,6,LHHHHHHHHHHHHHHHHHHHLLLLLLLLLLHHHHHHHHHHHHHLLHHHHHHHHHHHHHHHHHHL,HHH,0.0,0.78125,0.21875,64.62100674096847,4.984468102719748,0.8146886959788953,1.2013091797532454
42,sh3_r1_144,-148.676,0.7006756546773938,1.3244796297340482,2.081253882448201,0.027666069567203518,0.0423126220703125,0.5299388376700924,1.4403746570863258,13.403524561864906,63,KKKQLKKRAEAYAQMDPNSPPPRPPKPSEITGDPDQAQQKYQKLQRLYVQARNKNQQRRVKDM,10,LHHHHHHHHHHHHHLLLLLLLLLLLLHHHHLLLHHHHHHHHHHHHHHHHHHHHHHHHHHHHHL,HHH,0.0,0.7301587301587301,0.2698412698412698,73.12709811466141,6.899640547462969,0.8901461176962425,0.5307417416728882
43,sh3_r1_195,-203.928,0.6562596786868488,1.2664105829403356,1.9257430441631889,0.0,0.08914476633071901,0.6426703436908184,1.669151844376067,14.041496128505054,72,RQQEQDAARQKYAQAMQKYAAAMALYQAAKAAGQTPLPPPRPPKPGATPQQQKENLKEMDQDAEEAKFRLAS,3,LHHHHHHHHHHHHHHHHHHHHHHHHHHHHHHLLLLLLLLLLLLLLLLLHHHHHHHHHHHHHHHHHHHHHHHL,HH,0.0,0.7361111111111112,0.2638888888888889,74.05288077269401,2.4304537764459084,0.4362493384460159,0.5112429280255613
44,sh3_r1_143,-255.706,0.7053592253135464,1.4886324129722737,1.9903003485581572,1.3117110029270409e-06,0.04786074161529541,0.4229144768916297,1.7960378818464455,13.424316774057367,100,PTPSNAPPPRPPKPAEIKMAEELLAKTSNISKAEWAAFTKALENGNPDRLIQLLKNLKSKLQRLPEAAQSELQRILSQLAQMILWKTGKPQAAQKALKAL,8,LLLLLLLLLLLLLHHHHHHHHHHHHHHHLLLHHHHHHHHHHHHHLLHHHHHHHHHHHHHHHHHLLHHHHHHHHHHHHHHHHHHHHHHLLHHHHHHHHHLL,HHHHH,0.0,0.76,0.24,76.4409973968663,2.42644673833488,0.7706176616059176,0.7704405947506296
45,sh3_r1_192,-163.94,0.6859717348967891,1.5201808098289697,1.9011652182349168,2.429119376756716e-06,0.008507788181304932,0.5773956258224329,1.9726788065030616,11.57370668098706,64,FLWALAQQLAEQSGAPPPRPPKPEMSAAQAIFEAAEWLAEYADPPQAEMLLDMAMAWEMAAMMF,-7,LHHHHHHHHHHHHLLLLLLLLLLLLLHHHHHHHHHHHHHLLLLHHHHHHHHHHHHHHHHHHHHL,HHH,0.0,0.703125,0.296875,86.16130937272025,2.67673714098049,0.5825564120535489,0.5367611519784657
46,sh3_r1_51,-161.49,0.7053798128548252,1.4895032824327548,2.011418474543194,2.353084056494481e-07,0.02597683668136597,0.6918299449814709,1.398667661031214,13.048525904811706,62,TNQAKATVTVTWGNQEYTWKYEATGPPQQAKQEAQEMEQEAKKNQQQFAQGTHLPPPRPPKP,1,LLEEEEEEEEEELLEEEEEEEEEELLHHHHHHHHHHHHHHHHHHHHHHHLLLLLLLLLLLLL,EEH,0.3225806451612903,0.3709677419354839,0.3064516129032258,74.84458488675574,1.6194817589033077,1.1954222622620494,1.1847246417604185
47,sh3_r1_80,-136.889,0.690179746200407,1.3605251749632536,2.0263932622875527,0.0003152253630105406,0.06334984302520752,0.823217607186616,1.8854437283260008,13.808809801036618,56,AANPKAAAKDQFQARQYLQWMKRYQARAAEAPNRPPPRPPKPTAANQRNLRALKAQ,10,LLLHHHHHHHHHHHHHHHHHHHHHHHHHHHLLLLLLLLLLLLLHHHHHHHHHHHHL,HH,0.0,0.6964285714285714,0.3035714285714285,72.41291855321658,1.7301921300711554,0.9464959416788906,1.393224590822865
48,sh3_r1_4,-220.38,0.7074502221320046,1.5176509683261867,1.958365610924112,2.3723005426745658e-07,0.06123405694961547,0.4516407987841635,1.9730280883345177,13.600724666891704,76,SPQAQEQLQSLYEMLRRLWALAYYNQDLAPALKRQADWLMWQAVQLMHMMGLPPPRPPKPEEIKALAQEAKERKQA,2,LHHHHHHHHHHHHHHHHHHHHHHHLHHHHHHHHHHHHHHHHHHHHHHHHHLLLLLLLLLHHHHHHHHHHHHHHHHL,HHH,0.0,0.8421052631578947,0.15789473684210525,84.44585437045339,2.3906819311648686,0.5975249858699841,0.8319938564749846
49,sh3_r1_166,-279.655,0.7000881239393915,1.3913621925231483,2.0220933092901947,1.7020558971125861e-06,0.08698171377182007,0.6662641552672817,2.256781924056442,13.996819094354215,98,NKARALLREAIRWLDYFEENFEKAEAMGNEPSADARQKLARLESNKKRADNLYNASSKPMPPPRPPKPSTDPNEMANEMKSNLERAINKINQANNFLA,3,LHHHHHHHHHHHHHHHHHHHHHHHHHLLLLLLHHHHHHHHHHHHHHHHHHHHHHHHLLLLLLLLLLLLLLLHHHHHHHHHHHHHHHHHHHHHHHHHHL,HHH,0.0,0.7653061224489796,0.2346938775510204,73.87836630974336,1.869095131109921,0.7001466753916101,0.8363397723671863
50,sh3_r1_74,-234.426,0.6007656157554373,1.285521027528577,1.7046081059194411,2.433287988878874e-07,0.013698458671569824,0.6636801076144014,1.8294245666420232,12.115481267801707,78,NQEQAFRQLQDDYMQLSQQAARQSGMPPPRPPKPGLPLPELIEEMKEYIQELAQIAAKNNPAAAQKLKKLEKDAEQLN,-1,LLHHHHHHHHHHHHHHHHHHHLLLLLLLLLLLLLLLLHHHHHHHHHHHHHHHHHHHHHHLHHHHHHHHHHHHHHHHHL,HHH,0.0,0.7435897435897436,0.2564102564102564,83.69978368570892,0.6691053763649617,0.5298162522310069,0.6765788623904344
51,sh3_r1_73,-167.438,0.7374987473221232,1.4577974311455533,2.2112122090334414,2.046775762210018e-06,0.01848000288009644,0.4296089833543157,1.67857564017358,12.510093822221256,62,KFQALEDAAKRKKSGQPPPRPPKPNEFKNDPAEAMEWLAQWAAWLAAWAFATDNPRWAIMLL,2,LHHHHHHHHHHHHLLLLLLLLLLHHHLLLLHHHHHHHHHHHHHHHHHHHHHLLLHHHHHHHL,HHHH,0.0,0.6935483870967742,0.3064516129032258,65.7895014743254,5.6000787272106205,0.7112509163273502,0.6279576198710729
52,sh3_r1_161,-203.393,0.8585542193346317,1.5453086756169796,2.6922102424731467,4.402832928462885e-06,0.055243372917175286,0.6326461569892771,1.6775384543918397,14.56975735253665,99,WKVRKLKNGKWFATFPTDNGHRIQIKIKKWSAETNQEPPNDVPNLKNPPELDPQTQNPDGGPPPRPPKPIPPGMKAATIVVVAVHNGEPAFRWPLAAKQ,7,LEEEEEELLEEEEEEELLLLLEEEEEEEEEELLLLLLLLLLLLLLLLLLLLLLLLLLLLLLLLLLLLLLLLLLLEEEEEEEEEEELLEEEEEEEEEEEL,EEEEE,0.4545454545454545,0.0,0.5454545454545454,42.19919207155052,7.2618911403930095,0.9476187141849222,0.6254991577445419
53,sh3_r1_113,-256.73,0.6650329836502343,1.3469811572382848,1.8579759519246444,6.07310539635364e-07,0.12020659446716307,0.4127950365204295,1.4319961249337188,14.229287945538948,83,EPSEEQQQQIDANYQAQKRQLKARARAQLANGQMSPADAQQTLRQQWNAKWQQQQAQAQAAGMPPPRPPKPNEIQNAAQDLQM,2,LLLHHHHHHHHHHHHHHHHHHHHHHHHHHHLLLLLHHHHHHHHHHHHHHHHHHHHHHHHHLLLLLLLLLLHHHHHHHHHHHHL,HHH,0.0,0.7710843373493976,0.2289156626506024,78.95886507878187,1.0528067314155634,0.4280430078646165,0.5171761363811365
54,sh3_r1_168,-151.422,0.6736606533895313,1.4102347947795082,1.85825657955908,4.043628905492369e-06,0.09980380535125732,0.4106086117725231,1.3153450693250908,14.422311348228046,56,DSLPPPRPPKPGEIAQLQQQAAANLAEAEKDPKALQQARQLEAQAAQKQKEYAAFQ,0,LLLLLLLLLLHHHHHHHHHHHHHHHHHHHHLHHHHHHHHHHHHHHHHHHHHHHHHL,HH,0.0,0.7857142857142857,0.21428571428571427,83.22974055396445,1.7519514928463142,0.7416931074205292,0.8966935312886989
55,sh3_r1_114,-186.95,0.6740279809362912,1.2920856425469671,2.017058028827111,1.3946932085673325e-05,0.06096833944320679,0.6414942390457,1.4836773507124228,13.64947960409248,68,PDQFRFFALQAWAAYAQFWAAYMRESGAPPPRPPKPEMDEPQLAKELAEWAAQARAMKAKAKQKRQAQ,4,LHHHHHHHHHHHHHHHHHHHHHHHHHLLLLLLLLLLLLLHHHHHHHHHHHHHHHHHHHHHHHHHHHHL,HH,0.0,0.7794117647058824,0.22058823529411764,71.0230242367866,2.5479672132555797,0.7070211710036263,0.5744329302117164
56,sh3_r1_33,-263.348,0.657621549999906,1.4368178404315752,1.8335767590022856,1.1430108770582592e-06,0.0177108645439148,0.7362846733711803,2.111412645900425,12.369104992059855,92,AAKERNNARNLIRNAENTNMTPADAKNLRAQALRLLLRLIDEGDIPQALNLYWEANRAAHRQSGEPPPRPPKPGDPPAAKAQIKNQADQALA,4,LHHHHHHHHHHHHHHHHLLLLHHHHHHHHHHHHHHHHHHHHLLLHHHHHHHHHHHHHHHHHHHLLLLLLLLLLLLHHHHHHHHHHHHHHHHL,HHHH,0.0,0.7717391304347826,0.22826086956521735,80.81850698608362,1.855079870885439,0.6431527754351827,0.5693018232728002
57,sh3_r1_121,-196.802,0.6857240416045198,1.3992932929346962,1.9875834301259188,7.342696051182429e-08,0.04174333810806274,0.3877965290316779,2.063347759908786,13.491447088277544,75,MMPPPRPPKPVKAKATDPASGKKAKAKAYEDPDGQYRAKAKLPNGKKYEYWVDDPTKSPAEAIEEAYQEAKQQKQ,5,LLLLLLLLEEEEEEEELLLLLLEEEEEEEELLLLLEEEEEELLLLLEEEEEELLLLLLHHHHHHHHHHHHHHHHL,EEEEH,0.37333333333333335,0.21333333333333332,0.4133333333333333,68.9938383900314,2.6547089568982765,0.9151501545750332,0.8051815885532725
58,sh3_r1_99,-217.264,0.6721693204145573,1.3331512429372028,1.9364440963135,6.8982359380243e-07,0.09124988317489624,0.5859713356440821,1.81203777451629,13.929163489559881,77,DDFMAQEAEIHMQWHMLRMMAFNLSPPEAEQMLQALQAQLQALYQQLRAMAAQQGRPPPRPPKPGEIEALKQMYRQA,-1,LHHHHHHHHHHHHHHHHHHHHLLLLHHHHHHHHHHHHHHHHHHHHHHHHHHHHHLLLLLLLLLHHHHHHHHHHHHHL,HHH,0.0,0.8051948051948052,0.1948051948051948,79.56148209713629,1.0131219899516897,0.5406969153885662,0.9564754228242064
59,sh3_r1_126,-173.887,0.6887906602004731,1.3187214267198688,1.9902729334333225,0.00021372144692577424,0.13453149795532227,0.6142072186055182,1.7725525980212606,14.556338223661001,60,AKSPEQQQFQLLQQAKKYARQYKDWMQNQADNEQMGQPPPRPPKPKTPQQQQAIQKYLEL,4,LLLHHHHHHHHHHHHHHHHHHHHHHHHHHHHHHHLLLLLLLLLLLLLHHHHHHHHHHHHL,HH,0.0,0.7166666666666667,0.2833333333333333,83.08203234001289,1.6180248136259665,0.6442957780705033,0.5978153838354815
60,sh3_r1_48,-202.213,0.6753675055728916,1.4142634629237432,1.9496045710747485,0.0,0.012969493865966795,0.3243545015110064,1.9315990706948147,12.303125415629372,78,IQMIENQAKANYAQADPSLPPPRPPKPGQSIEQQLNAMPNNMPAAQQAAQRYWLAKWLKELEEKNEPQAKKYAARIAQ,3,LHHHHHHHHHHHHHLLLLLLLLLLLLLLLLHHHHHHLLLLLLLHHHHHHHHHHHHHHHHHHHHLLLHHHHHHHHHHLL,HHHH,0.0,0.6282051282051282,0.3717948717948718,78.34700446334712,1.171006730793104,0.3951570190655098,0.41350502730388616
61,sh3_r1_34,-168.945,0.6990265921933301,1.4696518272437433,1.9884474425050496,1.8846046714315892e-06,0.0370299220085144,0.3892373965320025,1.8215128570873915,13.713962351891306,61,NNAEMARNMLEQLYDNGATPEDIKKFIKQLKSSNNPKDQEAAQQIANAPPPRPPKPKKEQR,3,LLHHHHHHHHHHHHHLLLLHHHHHHHHHHHHHLLLHHHHHHHHHHHLLLLLLLLLLLLLLL,HHH,0.0,0.6065573770491803,0.3934426229508197,75.46158944041096,3.00972547372371,1.1731503195856985,1.004041117347786
62,sh3_r1_97,-252.335,0.6331475545920937,1.3866640534251928,1.7668793607691966,1.1652708131748568e-08,0.012194335460662842,0.7760222996297059,1.810857127128258,12.137967191642918,85,LEAQMREAANSNNPQEAYQAMWKLMRRGNPELAIDAAQQLIAAAAQNGDPDMARELAEMESEATNLKTMSPAEAANMPPPRPPKP,-4,LLHHHHHHHHLLLHHHHHHHHHHHHHLLLHHHHHHHHHHHHHHHHHLLLHHHHHHHHHHHHHHHHHHHLLHHHHHHLLLLLLLLL,HHHHH,0.0,0.7411764705882353,0.25882352941176473,76.51529106680023,1.2189784957783858,0.8406127241417847,0.3787484805459664
63,sh3_r1_128,-208.61,0.6570906099284801,1.1948805177515305,1.9444899813707928,0.0016369075747206807,0.142808735370636,0.3582281533375091,1.7436084177687068,14.577210513762966,74,KQQANAANAESQLQEARKWARQAKNQMKRAKQTNQKPPPPPRPPKPTPNQSPAQRNQIMAAYNEAMQEARAEWA,8,LHHHHHHHHHHHHHHHHHHHHHHHHHHHHHHHLLLLLLLLLLLLLLLLLLLHHHHHHHHHHHHHHHHHHHHHHL,HH,0.0,0.7162162162162162,0.28378378378378377,73.11717784528834,1.3344906181002911,0.6129092159881492,0.4311397023262726
64,sh3_r1_46,-210.537,0.6501888704341217,1.3287056947333946,1.900111851931478,1.250314625167448e-07,0.02212655544281006,0.2478453817833505,1.358424951964906,12.576657974529253,73,SQLEQLIQKALNKYMQAAAARAKESGEPPPRPPKPNSPEYKRLRQQLRRSADNPPAAEALAEQIWEAAAQEAA,2,LHHHHHHHHHHHHHHHHHHHHHHHHLLLLLLLLLLLLHHHHHHHHHHHHHHHLHHHHHHHHHHHHHHHHHHHL,HHH,0.0,0.7945205479452054,0.2054794520547945,68.37061531580214,2.9466027667147787,0.6178277752513834,0.5759642121822576
65,sh3_r1_185,-238.325,0.6904432273645702,1.4385961428698568,1.991488821012859,0.0013080975040793419,0.01951497793197632,0.5319843932063788,2.212378463550055,12.535109885920697,97,AFDNGMPPPRPPKPGDPSEAKQFIDQAKQLADEGNPPRAAWYLPWLWRLAQREAPAEAFDALQQSMQWARQLEKKNPPWAKEALRAARQAKQAAFAA,3,LLLLLLLLLLLLLLLLHHHHHHHHHHHHHHHHLLLHHHHHHHHHHHHHHHLLLLHHHHHHHHHHHHHHHHHHHLLLHHHHHHHHHHHHHHHHHHHHL,HHHH,0.0,0.7216494845360825,0.27835051546391754,62.93186166119764,3.218467307134344,1.0025876133812612,0.921879305274687
66,sh3_r1_154,-148.433,0.7204925571554539,1.4587872077331498,2.1218155327105235,2.1568010197370316e-05,0.021816909313201904,0.3978625407046141,1.8132922960631384,12.946036078096526,61,DAAMRQFAFNYPPPRPPKPGDNNVAEAAEEYLQQAEAYAELYPPRALMLLKWAERLQQQAQ,-2,LHHHHHHHHHLLLLLLLLLLLLLHHHHHHHHHHHHHHHHLLLHHHHHHHHHHHHHHHHHHL,HHH,0.0,0.7049180327868853,0.29508196721311475,78.11879885980038,3.0745222430620402,0.5792792345421331,0.5781729227758655
67,sh3_r1_182,-207.648,0.6724527185488336,1.4185826463831797,1.9239745447696956,7.914328534752713e-07,0.019704818725585938,0.4000255619240024,1.6051387094929797,12.65368530525756,70,KELRRAEKRLEQLLAKLQALNLSDAQRAEAKEWLKDRLQWLNAQANGNPPPPPRPPKPEMTPALRAAYAA,5,LHHHHHHHHHHHHHHHHHHLLLLHHHHHHHHHHHHHHHHHHHHHHLLLLLLLLLLLLLLLLHHHHHHHHL,HHH,0.0,0.6857142857142857,0.3142857142857143,75.70525456677927,1.5168944445691237,0.8418547967066894,0.823825445989687
68,sh3_r1_153,-193.229,0.6880986814962577,1.3378891233630754,2.0166151320369026,0.0005239122547209263,0.0849413275718689,0.5769767229482206,1.6444989527773757,14.17199870090938,70,NANAQAAKAEAQQYQAQWENIPKPNTAADQQQWAADYQKKYAKYLQLWDRYAAFNGLPPPRPPKPDKEAK,3,LHHHHHHHHHHHHHHHHHHLLLLLLLHHHHHHHHHHHHHHHHHHHHHHHHHHHHHLLLLLLLLLLLLLLL,HH,0.0,0.6714285714285714,0.32857142857142857,78.3351216542377,2.0463443995369843,1.240415469018586,1.1374196046514542
69,sh3_r1_90,-164.963,0.6833288299634179,1.4774135227004688,1.934301413897948,2.227687758704633e-07,0.004928767681121826,0.25785598541836524,1.6413544446772417,11.257251518084182,65,AWQLAQQLMAQSGMPPPRPPKPGMNTPDEAANEARAWIREHAPNAEARQKLQAAYQQYRRELRQQ,3,LHHHHHHHHHHLLLLLLLLLLLLLLLHHHHHHHHHHHHHHHLLLHHHHHHHHHHHHHHHHHHHHL,HHH,0.0,0.6923076923076923,0.3076923076923077,70.78161433649228,2.439437332266814,0.37522351696016026,0.5020989022630409
70,sh3_r1_41,-200.146,0.7068912089122691,1.470710067285432,2.0446053761177714,0.0,0.01914060115814209,0.7580233779782707,2.2918940199697633,12.634190590573635,71,QAAQQAAAFAFFDALMDWLEDAAEQNASPWLIMAALEQLQALMMQNPNLPPPRPPKPGSDNPWLMWLWWFL,-5,LHHHHHHHHHHHHHHHHHHHHHHHLLLLHHHHHHHHHHHHHHHHHLLLLLLLLLLLLLLLLHHHHHHHHHL,HHH,0.0,0.6901408450704225,0.30985915492957744,81.15811905595018,1.5455058915516398,0.5693716295852468,0.7384805368230353
71,sh3_r1_142,-257.025,0.6494108748595429,1.3660777285005206,1.8669058452043037,0.00012388410686980933,0.01382303237915039,0.5649911891432068,1.832509810545504,12.157765393566315,87,FIQQEANEALERAKSLSPTDEAAREAKAKLDRLEANAMAWNQNSGQPPPRPPKPEESPEQAAQQADNAIQMGNPYYALKLLEWYYDA,-5,LHHHHHHHHHHHHHHLLLLLHHHHHHHHHHHHHHHHHHHHHHHHLLLLLLLLLLLLLHHHHHHHHHHHHHLLLHHHHHHHHHHHHHL,HHHH,0.0,0.7356321839080459,0.26436781609195403,64.78268433435588,5.5677719048906384,0.7103149609614426,0.5295861616664687
72,sh3_r1_193,-228.419,0.6615140193449522,1.4540693565375276,1.830940160670398,6.173741553539004e-07,0.02255934476852417,0.7636307115565916,2.2113394858753503,12.679293392211616,74,QFEQAREKARQLLQQAKRAKSSNDQAQAQRLARKAEQAWWQAQRAEANKQGQPPPRPPKPGQPVTLEQAEKMAK,8,LLLHHHHHHHHHHHHHHHHHHLLLHHHHHHHHHHHHHHHHHHHHHHHHHLLLLLLLLLLLLLLLLHHHHHHHHL,HHH,0.0,0.6891891891891891,0.3108108108108108,79.32391301034842,1.0886289360629036,0.7851590928850523,0.8643529531984041
73,sh3_r1_50,-185.055,0.7168069172984597,1.5185227406521635,2.0236778659257624,8.217011782107875e-06,0.041817545890808105,0.7377813669018323,1.9986787470955216,13.323959223986325,68,DNSAAPPPPPRPPKPGADAEAQAAKYLSQAQEWASMLMKNPQQAPAAEAYLQRMLDWAAKLRARAAEQ,1,LLLLLLLLLLLLLLLLLLHHHHHHHHHHHHHHHHHHHHHLHHHHHHHHHHHHHHHHHHHHHHHHHHHL,HH,0.0,0.7058823529411765,0.29411764705882354,74.01351286951417,1.410347271947742,0.8682490527170363,0.8757669200637831
74,sh3_r1_81,-305.757,0.6746932577887224,1.2828176069866726,1.99540635254218,2.6885656552622088e-05,0.09518855810165404,0.6151940775994564,2.161806327598029,14.123718183062145,97,SFTPQERAAEAAEWYKKWLKRAAEYLARTTGKPPAQMEKIKAQLEQQAAQYARAYMAAANANAPPPRPPKPGMTPQEAKDQLNEMFDEMSMYAQRAQ,3,LLLHHHHHHHHHHHHHHHHHHHHHHHHHHHLLLHHHHHHHHHHHHHHHHHHHHHHHHHHHHLLLLLLLLLLLLLHHHHHHHHHHHHHHHHHHHHHHL,HHH,0.0,0.7938144329896907,0.20618556701030927,68.37067357870353,1.933696746966629,0.7212189928929399,0.5576681021058408
75,sh3_r1_5,-212.868,0.6531407564914786,1.269417729642656,1.9130441429559664,0.00012038653949275613,0.08300113677978516,0.538152257050204,1.9720945213680985,14.042997055311375,74,NRQQAKAAYNKEYQAAQQKWQAAADENKDNGRPPPRPPKPLPASELNSPDALNEYKEQARDWADDMENMAQNAK,-1,LLHHHHHHHHHHHHHHHHHHHHHHHHHHHHLLLLLLLLLLLLHHHHLLHHHHHHHHHHHHHHHHHHHHHHHHHL,HHH,0.0,0.7702702702702703,0.2297297297297297,77.80523558879058,2.8810946049455524,0.7684886438052869,0.4845828466484183
76,sh3_r1_139,-171.693,0.6467225000943367,1.3109594653188077,1.9015454743143032,0.0006721051759086549,0.019763350486755368,0.4441054598674881,1.7889118871686378,12.506202683042341,60,FKLQARAKRYKREALRQINSGAPPPRPPKPSAGDPADIMEWQLYMQAWNDLEQEREQARQ,3,LHHHHHHHHHHHHHHHHHHLLLLLLLLLLLLLLLHHHHHHHHHHHHHHHHHHHHHHHHHL,HH,0.0,0.7166666666666667,0.2833333333333333,65.62271472383311,6.1076938148247315,1.1012060894746598,1.0108204370330325
77,sh3_r1_57,-233.889,0.7333753172499271,1.2796875970369137,2.0622524604203583,3.3765553553166683e-07,0.3249358534812927,0.8204065165799579,2.0458324295989065,15.348675084583009,82,RFSQAAQNANNWKAQYQQNLGQNLKALQQRYKENNFSSEALERALQRNQQEANEYEQHQEDMAQNPNMPPPRPPKPITADQI,0,LHHHHHHHHHHHHHHHHHHHHHHHHHHHHHHHHLLLLHHHHHHHHHHHHHHHHHHHHHHHHHHHLLLLLLLLLLLLLLLLLL,HH,0.0,0.7195121951219512,0.2804878048780488,76.55871111748586,1.7935761148925329,0.5783515144845387,0.5725199999181091
78,sh3_r1_86,-208.46,0.6617444199696525,1.3207584759565414,1.9101114604278904,0.0261660385876894,0.02552008628845215,0.7933172434124511,1.52433561059555,12.84197184162266,77,AALRKLKAQIEQLAEAAKNMPDPPQRRKAQMKLYQAWKAAWTLRAFTANPNEPPPRPPKPNQNVSPKQLKAQAEDFL,8,LHHHHHHHHHHHHHHHHHHLLLHHHHHHHHHHHHHHHHHHHHHHHHHHLLLLLLLLLLLLLLLLLHHHHHHHHHHHL,HHH,0.0,0.7142857142857143,0.2857142857142857,79.69918217078288,2.1367979698343893,0.8846093193306109,0.6691950498746313
79,sh3_r1_2,-189.779,0.6724018408842904,1.387535959413206,1.9368749764136532,0.00091395596973598,0.03577035665512085,0.5993568342188536,2.126442025992508,13.135177586072528,70,ADAASAPPPRPPKPEYIQAMAKNSNDPAEAQDILKAWPEWMAAYMANNPEEARARQRRIEDKLKDLKAKA,1,LHHHHLLLLLLLLHHHHHHHHHHLLLHHHHHHHHHHHHHHHHHHHLLLHHHHHHHHHHHHHHHHHHHHHL,HHHH,0.0,0.7714285714285715,0.22857142857142854,69.32154269733543,10.383572243674298,0.9648566173268628,0.9066792215853784
80,sh3_r1_145,-257.792,0.6465470826474949,1.2760218448109095,1.9117664381447663,1.8737116988631893e-05,0.04490965604782105,0.4390759722671929,1.5211475042585187,13.488982419661248,91,AAEARLRALYRQAYAEYKEAWANFRAKHPNDPAANAPPPRPPKPGSKNPQEQLKEWADQMNQMAAKSNNPQWAAQAAKALRLAERALAALE,5,LHHHHHHHHHHHHHHHHHHHHHHHHLLLLLLLLLLLLLLLLLLLLLLLHHHHHHHHHHHHHHHHHHHLLHHHHHHHHHHHHHHHHHHHHHL,HHH,0.0,0.7032967032967034,0.2967032967032967,80.33848773301497,1.1266129484660992,0.5168562462757567,0.6331776054833889
81,sh3_r1_194,-196.82,0.6462039238792434,1.3821757407514037,1.8125657097193217,1.0063533409265801e-05,0.036258041858673096,0.6927871095086485,2.2061842342559137,13.134376711565988,65,KEDRRNMARAMYEMAENQLNQAKEMNTPQAQQQKQWAEDMLQWARDAIKAAESGLPPPRPPKPPS,1,LHHHHHHHHHHHHHHHHHHHHHHLLLLHHHHHHHHHHHHHHHHHHHHHHHHHHLLLLLLLLLLLL,HH,0.0,0.7384615384615385,0.26153846153846155,84.20051094866284,0.9927812088458308,0.3979511053202878,0.4613144167859985
82,sh3_r1_137,-122.17,0.7586149709675577,1.6030818327433534,2.1769560597141515,1.2723619875032455e-05,0.013011515140533449,0.6084438783872879,2.4762063246067263,11.651898384269332,55,YAIWAMRAKQSGLPPPRPPKPEDLAMLKPMLRALLEALIASGDPPLAAALQEYLQ,1,LHHHHHHHHHHLLLLLLLLLHHHHHHHHHHHHHHHHHHHHLLLHHHHHHHHHHHL,HHH,0.0,0.7454545454545455,0.2545454545454545,66.05169300516998,5.535332670229911,2.6350981268979665,2.287364218901016
83,sh3_r1_59,-300.701,0.6896665197579822,1.406703949664478,2.023868916036027,9.80133245320758e-06,0.017740130424499508,0.6299250848443909,2.1048011884664226,12.374427306564698,99,AQLLYWLLRKANRARARNSGGPPPRPPKPGEPLPEAIAQLFPKNDPAQAAEWFKAALSEAAAESEMSQKQRMYAQWAAELAASGEMSLQRAAELLYFLF,2,LHHHHHHHHHHHHHHHHHHLLLLLLLLLLLLLHHHHHHHHLLLLLHHHHHHHHHHHHHHHHHHHLLLHHHHHHHHHHHHHHHLLLLLHHHHHHHHHHHL,HHHHH,0.0,0.7171717171717171,0.2828282828282828,64.38962698016225,4.393492236706826,0.8453250359310513,1.0037263735860658
84,sh3_r1_88,-180.208,0.7164988788038018,1.4995648128290968,2.0278078108818995,5.503773436998927e-08,0.055121660232543945,0.5197632866725299,1.4386546645122078,13.687980240130987,68,PPPRPPKPSASAQKKGNKPSPQARKQIRDARSLANNTPADRAKARQKWATAYLKYQQNLEQANSQDNN,10,LLLLLLLLLHHHHHLLLLLLHHHHHHHHHHHHHHHLLHHHHHHHHHHHHHHHHHHHHHHHHHHHHHHL,HHH,0.0,0.7352941176470589,0.2647058823529412,69.67045265712022,11.263338581916313,0.6627234847303345,0.8066604059209238
85,sh3_r1_25,-153.581,0.6721808975137562,1.4150202722047214,1.921899767777531,6.728767942831838e-08,0.023984313011169437,0.815993614711063,1.9341575565957607,12.728764842063233,60,AQMLQDMAQAAKQMIKESPDEPWRALARKQADWAEWMINAAKAKESGMPPPRPPKPEDLA,0,LHHHHHHHHHHHHHHHHLLLHHHHHHHHHHHHHHHHHHHHHHHHHLLLLLLLLLLLLLLL,HH,0.0,0.6833333333333333,0.31666666666666665,84.51384601390757,1.0571017284452937,0.6238364004440949,0.4547092175600261
86,sh3_r1_22,-298.567,0.6709158853915942,1.3672261278110518,1.9183029046048723,1.1737381555576576e-06,0.06904804706573486,0.33835360084545274,1.3872426402996705,13.836364365515822,96,EKDAARNDARKEMAQARALADAAAALAFNNQATDSDIRQAYEDLRRLWARAAALNAADGMPPPRPPKPELMNSPDPQLAIALILEQINDYINYIER,-3,LLHHHHHHHHHHHHHHHHHHHHHHHHHHLLLLLHHHHHHHHHHHHHHHHHHHHHHHHHLLLLLLLLLHHHHLLLLHHHHHHHHHHHHHHHHHHHLL,HHHH,0.0,0.7708333333333334,0.22916666666666666,81.91100988773472,2.186902250833494,0.4505167110171463,0.4193455481476299
87,sh3_r1_130,-171.203,0.6922204610839026,1.4334331095494606,2.020214854079617,2.861327993741725e-05,0.007397115230560303,0.4732706812627877,1.3621258793390507,11.786555488052766,67,SESKQWQNGITMKYSKSSNGITLEITLPGGETITPPANAPPPRPPKPGSSVTPAEMAKQIRNEAKNW,3,LEEEELHHHLEEEEEEELLEEEEEEELLLLLEELLLLLLLLLLLLLLLLLLLHHHHHHHHHHHHHHL,EHEEEH,0.29850746268656714,0.2537313432835821,0.4477611940298508,74.2772913326737,2.1451467837516414,0.4647297125584531,0.5643790260164772
88,sh3_r1_17,-206.991,0.6978914617989842,1.4674058527582223,1.9905115868304744,3.58116629683991e-08,0.03153979778289795,0.6347488282299879,1.5087061595500302,13.072979434186687,81,FFESMPPPRPPKPNMSDAELKKQAEAWWNEAQASENPYLMAYAMKYWAKAALAKSSDKPQAEAALDMAEQMREMYEEAQQA,-4,LLLLLLLLLLLLLLLLHHHHHHHHHHHHHHHHHLLLHHHHHHHHHHHHHHHHHHLLLHHHHHHHHHHHHHHHHHHHHHHHL,HHH,0.0,0.7160493827160493,0.2839506172839506,78.36053554139127,1.9339406977573943,0.8872856401630819,0.4939481595187297
89,sh3_r1_179,-256.232,0.6504659291558591,1.3580640993874382,1.854372319287272,6.14786358710262e-06,0.03988093137741089,0.8427933932194163,2.16778590905823,13.280976550699332,89,QNNIRRAKALANNLQNAAQSGADPDQIYQEQNQIWMEAAQAMQNAGRPPPRPPKPKNTNNERNELRAQAKENIAEAKSWAKEAEARANA,3,LHHHHHHHHHHHHHHHHHHLLLLHHHHHHHHHHHHHHHHHHHHHHLLLLLLLLLLLLLHHHHHHHHHHHHHHHHHHHHHHHHHHHHHLL,HHH,0.0,0.7752808988764045,0.2247191011235955,73.49835225089231,1.1224937787332685,0.7399991796379912,0.35669819670723896
90,sh3_r1_105,-216.87,0.6669548642044232,1.379760144830302,1.9114783792081809,0.00027839749236591155,0.04297900199890137,0.4597059344913352,1.9597807094591149,13.276584722878553,83,AQAILRLYRQAWKASGQPPPRPPKPTAKTQELMQDARTNPEAMKEYLKKLAKQLKDWAEEMRQMGNPPWAAAYQKALEAAEAL,5,LHHHHHHHHHHHHHHLLLLLLLLLLLHHHHHHHHHHLLLHHHHHHHHHHHHHHHHHHHHHHHHLLLHHHHHHHHHHHHHHHHL,HHHH,0.0,0.7710843373493976,0.2289156626506024,78.87293208053863,1.9719572152655012,0.8285456518502596,0.7216960025414151
91,sh3_r1_102,-183.631,0.6762958254790326,1.2844302824663896,2.0488484703113645,1.5823911780898925e-06,0.04819720983505249,0.646729571974995,1.60612416989066,13.508246409245055,69,PDEARNARARAKLQKYIAQQAEWAMRRAESPNEPPPRPPKPEDKEFADAWKAASPQQRKRQRQAAEQFL,5,LHHHHHHHHHHHHHHHHHHHHHHHHHHHHLLLLLLLLLLLLLLHHHHHHHHHLLHHHHHHHHHHHHHHL,HHH,0.0,0.7391304347826086,0.2608695652173913,73.09057793775108,2.2904399593598117,0.7436489244704294,0.7664293662949041
92,sh3_r1_10,-209.648,0.6877981064889005,1.522421750481482,1.898265340934428,4.7039031869644527e-07,0.01830250024795532,0.5833090463331154,1.6251658868264824,12.676720332756796,76,FALDNLPPPRPPKPGEPPAMRQLYEEAMALSPEQRREANKALQDAWPQYKAAKKQGDKEEIQQLAQQAKQKARDLQ,2,LHHHHLLLLLLLLLLLLHHHHHHHHHHHLLLHHHHHHHHHHHHLLHHHHHHHHHLLLHHHHHHHHHHHHHHHHHLL,HHHHH,0.0,0.6973684210526315,0.3026315789473684,70.6244198365452,1.6781274627645126,0.8194970322590919,0.5752811385542657
93,sh3_r1_62,-208.154,0.6684953567783382,1.3831162767277825,1.948324845316436,1.2124335171392886e-06,0.01103323698043823,0.4209774289141903,2.114554569473616,12.044260306681373,70,QLAFLKERAQKNLAKAKEAMKESNPPQNMPPPRPPKPGQSPEQQAEQLENAPAWDLYWYLKYLEQRLQAE,1,LHHHHHHHHHHHHHHHHHHHHHHLLLLLLLLLLLLLLLLLHHHHHHHHHLLLHHHHHHHHHHHHHHHHHL,HHH,0.0,0.6857142857142857,0.3142857142857143,68.0087138185038,1.4931886378577035,0.7079165554253102,0.6478878592522019
94,sh3_r1_170,-201.195,0.6911414724688529,1.4136329656811777,2.0047282764378216,0.0010505296522751448,0.03524506092071533,0.7151799182077525,2.265349917813096,13.053169063873876,78,FFAAAAALQLLLESGAPPPRPPKPAKSPQQKRNHMERMMAEFEQNLNQARKNKDDPWAIAQAAWQLLYFFRYKALLME,4,LHHHHHHHHHHHHHLLLLLLLLLLLLLHHHHHHHHHHHHHHHHHHHHHHHHLLLLHHHHHHHHHHHHHHHHHHHHHHL,HHH,0.0,0.7564102564102564,0.2435897435897436,76.56283231793083,1.9018010500146905,0.5075875795265158,0.5480682204469838
95,sh3_r1_19,-188.592,0.6740421601906793,1.4582200359415125,1.9008430743150675,1.4311513950815424e-05,0.011119067668914795,1.0517196438929006,2.191832812238771,11.896703424365384,70,AQAQIQQFIQMMLFNAQTSPPPRPPKPEDGIPFEAWMEWYQAWQLARQGNAQKAKELLKDMYKQMAAMMA,1,LHHHHHHHHHHHHHHHLLLLLLLLLLHHHLLLHHHHHHHHHHHHHHHLLLHHHHHHHHHHHHHHHHHHHL,HHHH,0.0,0.7428571428571429,0.2571428571428571,84.79884822923958,1.9748915799821118,0.776623688066856,0.9061555335266804
96,sh3_r1_177,-185.808,0.7019528585921821,1.5534498795728993,1.9466254273883377,0.00030640396289527416,0.009076178073883057,0.6940812731750094,2.122214915137835,11.621514649726679,65,AEWYLKYAERLAAMNGPKAQKLREAIQQYMAAWMKKGADPPPPPRPPKPGMSADEAINWLLQAAM,3,LHHHHHHHHHHHHHHHHHHHHHHHHHHHHHHHHHHHLLLLLLLLLLLLLLLLHHHHHHHHHHHHL,HH,0.0,0.7230769230769231,0.2769230769230769,76.03062430158867,1.985852792890432,1.6549886919665548,1.5761626686573131
97,sh3_r1_65,-215.106,0.6765787335925353,1.3571730148461132,1.9762964122852773,0.0019174267072230575,0.0455893874168396,0.6349696507220559,2.082154150988479,13.462507352093839,76,DLTEFAKAQMRKQLRDWASNASKGTKEPPPPPRPPKPGSPKQIMAYQEYQRAWRAAMKEYRKARKNGDWAAFLNKA,10,LHHHHHHHHHHHHHHHHHHHHHLLLLLLLLLLLLLLLLLHHHHHHHHHHHHHHHHHHHHHHHHHHLLLHHHHHHHL,HHH,0.0,0.7105263157894737,0.2894736842105263,69.32715625867071,1.752399664612367,1.538221032508255,1.6384261394435489
98,sh3_r1_54,-201.451,0.6821189070351547,1.3310899820730642,2.0013548797483627,5.045384750701487e-05,0.07804876565933228,0.4959795037954428,1.9337469012690625,13.78075435226868,73,FTAENQQKKDKLEQQAAKHRKQMANAAQNPGMPPPRPPKPEALKKLNDPDAQQLYMDYRQDWEQAWAAARDQR,3,LLHHHHHHHHHHHHHHHHHHHHHHHHHHLLLLLLLLLLLHHHHHHHLLHHHHHHHHHHHHHHHHHHHHHHHHL,HHH,0.0,0.7808219178082192,0.2191780821917808,75.73583742038754,2.881325042630074,0.32298788120985444,0.5760095499000918
99,sh3_r1_85,-229.768,0.6048045926181864,1.3160249737125855,1.6954206496027568,1.6017592088246604e-06,0.012574136257171629,0.608008647254369,1.5004561396765292,12.039830923813886,75,NAAAKAELQNALAQLEALAQQGAPAQQIQALAQAAYKLARDARQANPNQPPPRPPKPGMTPAEQREQIAMLIDEF,0,LHHHHHHHHHHHHHHHHHHHLLLLHHHHHHHHHHHHHHHHHHHHLLLLLLLLLLLLLLLLHHHHHHHHHHHHHHL,HHH,0.0,0.7066666666666667,0.2933333333333333,85.73011038129408,0.8006328417292877,0.4817729457658961,0.4107990772719273
100,sh3_r1_1,-200.159,0.6410314669714009,1.4286883087759767,1.7644946613363537,3.694009137689136e-05,0.011900484561920166,0.7731925522747983,2.0231862101497744,11.915288646000766,66,NQAQDLKDRADKALKAAEANGSEDLKQWAKYLLQAAENQQQNPNQPPPRPPKPTKAMRDAMARAEQ,2,LHHHHHHHHHHHHHHHHHHHLLHHHHHHHHHHHHHHHHHHHLLLLLLLLLLLLLHHHHHHHHHHHL,HHH,0.0,0.7424242424242424,0.2575757575757576,81.14451111739719,1.4684300522879816,0.5089262713125611,0.7111402403148618
101,sh3_r1_28,-238.16,0.6916478074201261,1.2847698933824343,2.0624323827528337,0.001322648604400456,0.10839146375656128,0.6349655258351165,1.943618690001086,14.351092731437712,95,NRQAARNRAQQAQQQLQQFAKNSGLKDDAAEQLAEIQQWAQMMKNSNEWPPPPRPPKPKPNKTAADQNAYAALMQQYKQAWQFLAQARRAKKFQA,9,LHHHHHHHHHHHHHHHHHHHHHHLLHHHHHHHHHHHHHHHHHHHHLLLLLLLLLLLLLLLLLLHHHHHHHHHHHHHHHHHHHHHHHHHHHHHHHL,HHH,0.0,0.7684210526315789,0.23157894736842105,71.85642909308461,1.5946470753672908,0.8015401278982353,0.6944889838027072
102,sh3_r1_146,-190.156,0.6544947208274646,1.3945291705291578,1.8602376706088688,0.0021518226712942123,0.013403117656707764,0.5106790200947599,1.8909227807077769,12.251872847132287,64,WPDWMQRIRQARQAKASGNEAAFQQLLRQLANLPPPRPPKPGMPPQERAQWEADMDLYDDARRL,2,LHHHHHHHHHHHHHHHLLLHHHHHHHHHHHHHLLLLLLLLLLLLHHHHHHHHHHHHHHHHHHHL,HHH,0.0,0.734375,0.265625,85.66562746485715,1.060924318211191,0.4642324229950386,0.4659284236468683
103,sh3_r1_197,-167.894,0.6751062650960775,1.3824569694697857,1.9836858082706559,0.0008072165655903517,0.0077741146087646484,0.4817033924548837,2.0180664059568483,11.856850247962225,59,WEEQENQIEDAIESGKPVTFVAPPGMPPPRPPKPTENTQFEYTVVPTNGAIKYTARVLS,-3,LHHHHHHHHHHHHHLLLEEEEELLLLLLLLLLLLLLLLEEEEEEEEELLEEEEEEEEEL,HEEE,0.3898305084745763,0.22033898305084745,0.3898305084745763,73.85029028674701,1.301416859054651,0.7044177377765588,0.5081576859931763
104,sh3_r1_141,-208.09,0.7435620434582433,1.3582041548496044,2.191201913872687,1.4238308949643397e-06,0.168401300907135,0.3560286624806617,1.9227435543427789,14.704401895642755,78,KQRNQRKQAEQYKKEMRQWLADALKELQDDAKHNQPRPPPRPPKPSANMRQNPNSDWWKAAFNDWFQAFDQSRQWLWW,6,LHHHHHHHHHHHHHHHHHHHHHHHHHHHHHHHHLLLLLLLLLLLLLHHHHHLLLLHHHHHHHHHHHHHHHHHHHHHHL,HHH,0.0,0.7564102564102564,0.2435897435897436,60.50565439891021,7.696997232438941,0.897018286046153,0.7625724951165609
105,sh3_r1_190,-226.907,0.6865294519176011,1.4070841725225802,2.000580145595282,2.1473645972491795e-07,0.0249825119972229,0.4946725168289571,1.4632403386607489,12.889255143686617,81,QQAENMPPPRPPKPNMSAQEAAEQLAEYAAWQLMRKSNTPWQAAQLAERAMALADKAKAQARRMSPQELWALLRKKYLAAF,5,LLLLLLLLLLLLLLLLLHHHHHHHHHHHHHHHHHHHLLLHHHHHHHHHHHHHHHHHHHHHHHHLLHHHHHHHHHHHHHHHL,HHH,0.0,0.7160493827160493,0.2839506172839506,64.65864220787721,2.0003264963800853,0.38093288431639694,0.5204556825036687
106,sh3_r1_53,-259.574,0.7274370846104365,1.4337176360465862,2.1311787472554933,1.2601444723259192e-05,0.07226383686065674,0.9779134758652941,1.7503358481977243,14.125885099450539,98,TLEKTDGELTAKATSDNPEAAHQQAQNAIDEAMQALKKKNATVKIEAVVPAQPSGNPLPPPRPPKPPKNSNRTFDVTYSYTMSPDGRTEITYTATPFD,-1,LEEEELLEEEEEEELLLHHHHHHHHHHHHHHHHHHHHHHLLEEEEEEEELLLLLLLLLLLLLLLLLLLLLLLEEEEEEEEEELLLLLEEEEEEEEEEL,EEHEEE,0.3979591836734694,0.22448979591836732,0.3775510204081632,75.81718469316189,2.3698645453433342,1.0020263059359242,0.7455851110533023
107,sh3_r1_82,-187.987,0.7042394965160945,1.620090441605835,1.8788556636267808,0.0007803190965205432,0.020690739154815674,0.6606359082714728,2.3912493247206,12.55795266290184,70,LKAIYEQLMQQYRAKRPNQPPPRPPKPQEANMLASDWPTYLKNASADQKLYAAWALAYLALEKFEQQLAM,3,LHHHHHHHHHHHHHHLLLLLLLLLLLHHHHHHHHHLHHHHHHHLLHHHHHHHHHHHHHHHHHHHHHHHHL,HHHH,0.0,0.7714285714285715,0.22857142857142854,80.4617409719029,1.3746736936948605,0.9036759265323304,1.0565231275393412
108,sh3_r1_6,-200.14,0.6453971708796534,1.310576694086194,1.8970530217735035,0.0006566082593053579,0.018042922019958496,0.3804454725805267,1.9463320768299095,12.728212537097313,74,NAAQTNRMQLDQLQKNIEQSSTDPAQAAQAAKQAQANYAQLQQQTGKPIPPPRPPKPRGNDAPAYDNYRQAWAA,3,LHHHHHHHHHHHHHHHHHHHHHLHHHHHHHHHHHHHHHHHHHHHHLLLLLLLLLLLLLLLLHHHHHHHHHHHHL,HHH,0.0,0.7432432432432432,0.25675675675675674,76.94536715029493,2.0341015410792007,0.7947199547231976,0.6785332627228913
109,sh3_r1_21,-203.177,0.7198847955667653,1.4729824153085551,2.1045902994435,2.54394399235025e-06,0.021846175193786618,0.3813155065305763,1.86877408113044,13.330542165121033,77,DLAFYRKRNPNAPPPRPPKPNMSIKQAISEIKEHLPNAAARQQARSLYSQAESSNDPAARQRAAERAEKLYMALWAF,6,LHHHHHHHLLLLLLLLLLLLLLLHHHHHHHHHHHLLLHHHHHHHHHHHHHHHHLLLHHHHHHHHHHHHHHHHHHHHL,HHHH,0.0,0.7012987012987013,0.2987012987012987,68.70094646688707,4.392321183331135,0.9959274704756628,1.0614993766505028
110,sh3_r1_133,-232.916,0.6632945609020412,1.370829836430925,1.9030147919472964,0.0001474654272897169,0.04233324527740479,0.5457624189922224,1.7204981496514156,13.323988537379956,87,QAAEALLQRAENQKRAIEKNPSPAARNNLRRNADNLQANAETNNTPEAMAAYMKKMRLYERAQAAMGDPRPPPRPPKPTSQQLAAAA,6,LHHHHHHHHHHHHHHHHHHLLLHHHHHHHHHHHHHHHHHHHHLLLHHHHHHHHHHHHHHHHHHHHHLLLLLLLLLLLLLHHHHHHHL,HHHH,0.0,0.7586206896551724,0.2413793103448276,72.11862659296834,3.3669038760518184,0.9729583967680636,0.7846695331504168
111,sh3_r1_8,-166.812,0.7315287885596592,1.4202708964822468,2.197083987411685,3.1663082609156845e-06,0.0402827262878418,0.8623786299507249,1.7460022877790962,13.549732145501736,73,APPTMSMTPEKKNNTTVWVQKATPADGREIEYVNGKWEAKTNDGETVSPEEAAQQGENLPPPPRPPKPEGEAK,-3,LLLEEEEEEEEELLEEEEEEEEELLLLLEEEEELLEEEEELLLLLEELHHHHHHLLLLLLLLLLLLLLLLLLL,EEEEEH,0.410958904109589,0.0821917808219178,0.5068493150684932,69.77888849631661,4.667037170500805,1.7914017243170983,1.1807995581057087
112,sh3_r1_134,-233.336,0.6770500526337039,1.3863666263167504,1.9778050439553676,8.674263654029345e-07,0.021076858043670654,0.5468828970286908,2.2882412683164732,12.75836029006068,79,DLFNQLKDAIDQNNYAELKKAAEQAWDFYQAKAMASNQPPPPPPRPPKPGMSPQERKEQLAEAASNPYQAPWAIELLAP,-2,LHHHHHHHHHHLLLHHHHHHHHHHHHHHHHHHHHHLLLLLLLLLLLLLLLLLHHHHHHHHHHHHLLHHHHHHHHHHLLL,HHHH,0.0,0.6708860759493671,0.3291139240506329,66.86844724086778,1.5424560151186828,0.7018271999304089,0.6792578391897681
113,sh3_r1_26,-260.582,0.7847765832949151,1.5277437155859337,2.32799052732203,9.894863978843203e-06,0.06812888383865356,0.5454805895534542,1.84260264889414,13.855264052014403,94,AFFAEANKKLLARARRLLALAMSGKVPAHEAFQLAQDAKWLANWYPPSQPAAQWAYAEYEQAQRLLYKLKANNEFSAWHANLPPPRPPKPNSNS,6,LHHHHHHHHHHHHHHHHHHHHHHLLLLHHHHHHHHHHHHHHHHHLLLLLHHHHHHHHHHHHHHHHHHHHHHLLHHHHHHHHLLLLLLLLLLLLL,HHHH,0.0,0.7340425531914894,0.26595744680851063,66.7668824550388,3.3653861931816325,0.7780992609751426,0.614254088696236
114,sh3_r1_148,-231.132,0.6234005901534532,1.2448903409143288,1.8400986363641352,6.998300250415922e-08,0.03201383352279663,0.4807347281961226,1.923030694839282,12.975361113032786,76,DAEKKKLEKQLNDKPPAQLAAQLQNKYAQLMAELGQPPPRPPKPTKGQSPEEIQRDYAKYLLEALEDASAKKKNAR,4,LHHHHHHHHHHHHLLHHHHHHHHHHHHHHHHHHHLLLLLLLLLLLLLLLHHHHHHHHHHHHHHHHHHHHHHHHHHL,HHH,0.0,0.75,0.25,79.77870891627174,2.153109410995583,1.0238354866355888,0.8026171258272374
115,sh3_r1_199,-150.444,0.6245055167051775,1.256171721758114,1.7959145654654676,1.647601675358601e-05,0.07040834426879883,0.5955619931210921,1.97751108955924,13.71483525956067,90,DEQAEEAAAKRAEAKRKIKRARSLANDLQAGEASDAQKQELYDLLMDAWQIYADIRRSETGMPPPRPPKPGMSPSELNNQINQMENDLQN,-3,LHHHHHHHHHHHHHHHHHHHHHHHHHHHHLLLLLHHHHHHHHHHHHHHHHHHHHHHHHHHLLLLLLLLLLLLLHHHHHHHHHHHHHHHHL,HHH,0.0,0.7777777777777778,0.2222222222222222,89.49122830158944,1.5022310472582114,0.969034491860135,0.8120130832409107
116,sh3_r1_101,-223.061,0.6886020887606494,1.4062303853117757,2.02250198428433,1.708717263682047e-06,0.014274656772613525,0.5678716096509709,1.8271160932947403,12.268365362617235,78,LEQELRERAERARKGPPPRPPKPSGDPEQDMQWMREMALWMALWALARNPPLAKWALRAIANGNPFQALAAMMLAMAF,3,LHHHHHHHHHHHHHLLLLLLLLLLLLHHHHHHHHHHHHHHHHHHHHLLLHHHHHHHHHHHHLLLHHHHHHHHHHHHHL,HHHH,0.0,0.7435897435897436,0.2564102564102564,66.79467056717132,4.226583845185864,0.9410988781829528,0.6415606964622115
117,sh3_r1_13,-275.228,0.678787736914582,1.3926897641547302,1.9700870020642065,3.6428928069653917e-06,0.031154632568359375,0.5630826107404251,1.9060923225739768,13.178920397176814,92,NMQNRMQAMRLKELLRQLLRLMRSNQDPSQMEKLAKNAARMARNNPPAANNARQAAQNLAEESPAAYRIAMALNQANPNMPPPRPPKPKPSD,9,LHHHHHHHHHHHHHHHHHHHHHHLLLLHHHHHHHHHHHHHHHHHLHHHHHHHHHHHHHHHLLLHHHHHHHHHHHHHLLLLLLLLLLLLLLLL,HHHH,0.0,0.7282608695652174,0.2717391304347826,73.59124824081745,1.6368382408537057,0.6773751150090582,0.4796673233008966
118,sh3_r1_14,-251.535,0.7206360104927242,1.4600217241655895,2.0559018170985457,2.782285264402163e-07,0.08725595474243164,0.27142838471816305,1.416254327263249,14.199009765649814,91,SDEAEARSKAKKAAQAAAKQYQQRAQQAQKNGNPADWREAMMDAWAKLNMAREKARQQANGDFQPYPPPRPPKPGQNKSPKQMAKQLAFEF,8,LHHHHHHHHHHHHHHHHHHHHHHHHHHHHHLLLHHHHHHHHHHHHHHHHHHHHHHHHHHHLLLLLLLLLLLLLLLLLLLHHHHHHHHHHHL,HHH,0.0,0.7362637362637363,0.2637362637362637,67.51908761889048,2.7209975338558188,0.7185415398740881,0.6028795972729251
119,sh3_r1_106,-262.155,0.6987113105851379,1.3786887738301798,2.0766062478254,0.0007285766187123954,0.036804378032684326,0.6478184297696588,1.9761749777418656,13.291771171086294,92,FQDQAAAEAFAMAAESNMPPPRPPKPKGNDPANAQQWEQLQALYLLLWALAWWAWRRNPAEANAAMSLMMELERLNERGDPEQARELLAELK,-4,LHHHHHHHHHHHHHHLLLLLLLLLLLLLLLHHHHHHHHHHHHHHHHHHHHHHHHHLLLHHHHHHHHHHHHHHHHHHHLLLHHHHHHHHHHHL,HHHH,0.0,0.75,0.25,74.2519474442478,2.9643258327766784,0.8713080002264773,0.40024704255535415
120,sh3_r1_68,-212.075,0.6791971730910314,1.3594436915246424,1.9953791792402749,0.005220635328441857,0.03072172403335572,0.5460423474374898,1.3742190354545047,12.995672011717721,78,LQALEELSPDQLWAAYRQKQALYMAYRKRRWKQSNQPPPRPPKPDKNAPPWQQAKQWLKQLAAELPPDAAQKILRALA,8,LHHHHHLLHHHHHHHHHHHHHHHHHHHHHHHHHHLLLLLLLLLLLLLLLHHHHHHHHHHHHHHHLLHHHHHHHHHHHL,HHHH,0.0,0.7307692307692307,0.2692307692307692,70.10724444217291,2.266279918236508,1.1273308842469758,1.109345458453158
121,sh3_r1_174,-244.617,0.7174503293288913,1.4603955211048878,2.107836253998692,1.3842974112776575e-05,0.018992185592651367,0.8967700040494735,1.7598392597102943,12.628767635433253,93,FDNLEKAEATIVEDPNGRATITFKKDGYAYEFEANANDPAAKQALAEAKKANKKNGTLTPQEARKARKKLRASSANSPPPRPPKPDKNSPPPQ,6,LLLLLLEEEEEEELLLLEEEEEEEELLEEEEEEEELLLHHHHHHHHHHHHHHHHHLLELHHHHHHHHHHHHHHHHLLLLLLLLLLLLLLLLLL,EEEHEH,0.25806451612903225,0.3548387096774194,0.3870967741935484,68.11316361544557,2.783756415355684,0.9316000432632964,0.8706814943588143
122,sh3_r1_108,-266.991,0.6655354163403367,1.4266070340656571,1.8808592322732105,1.0196828270636615e-06,0.020208775997161862,0.3801120115130717,1.779877038578979,12.624460916484695,86,IFMAKQMAKNNPEQAFAFLQQRLRRLLQQGNKAQAEQLLDALWEFAKALNDWEQRRRLYDELRDAAANLGRPPPRPPKPEELAAAR,4,LHHHHHHHLLLHHHHHHHHHHHHHHHHHLLLHHHHHHHHHHHHHHHHHLLLHHHHHHHHHHHHHHHHHHLLLLLLLLLHHHHHHHL,HHHHH,0.0,0.7674418604651163,0.2325581395348837,71.01679917394024,2.530270769688437,0.6261463420112855,0.6385737077253556
123,sh3_r1_66,-224.481,0.5898577949848042,1.2849475617210069,1.6531956618244783,1.6593444343016015e-06,0.011142432689666748,0.5454711042140978,1.9342232606361645,11.887709281273274,78,NRQELAADAFFLADQAQEAAQEDPDDAFNALDAIWDLAADARKAAGMPPPRPPKPGMSPAEIKAEIQELKAWIQDIAN,-8,LLHHHHHHHHHHHHHHHHHHHHLHHHHHHHHHHHHHHHHLLLHHHLLLLLLLLLLLLLHHHHHHHHHHHHHHHHHHHL,HHHH,0.0,0.7435897435897436,0.2564102564102564,88.2499320014118,0.5577899521218739,0.29133665485775473,0.5323291132980439
124,sh3_r1_61,-224.826,0.6701495965567892,1.3689163972244218,1.9484237782093656,0.0,0.033407807350158684,0.6322995876014189,2.2207676354741936,13.064339008096688,78,QEAEALYQELQALYMQYHPNQPPPRPPKPEESPAEIQQQAEEAESMPPTNPAALNRYLWARWARALWALRALDADQAA,-5,LHHHHHHHHHHHHHHHHLLLLLLLLLLLLLLLHHHHHHHHHHHHHLLLLLHHHHHHHHHHHHHHHHHHHHHHHHHHHL,HHH,0.0,0.7179487179487181,0.28205128205128205,76.80204962290672,1.6799606157115237,0.5184344993536343,0.6000385190071501
125,sh3_r1_173,-297.18,0.7076183615454479,1.4071504045967702,2.0840700643028693,7.026112029961952e-07,0.046869933605194085,0.615736704115657,1.8016657020464344,13.527419911426005,98,FDEYFWLLMDALALLMQLEDPKKAARAALWYIWAAMSGLDAAEAINEAQAMANDPNAPPPRPPKPSKNATPDDLMLIMAWMQLYMWLRSLYLQYDKFF,-4,LHHHHHHHHHHHHHHHHLLLHHHHHHHHHHHHHHHHLLLLHHHHHHHHHHHHHLLLLLLLLLLLLLLLLLHHHHHHHHHHHHHHHHHHHHHHHHHHHL,HHHH,0.0,0.7346938775510204,0.2653061224489796,77.76770618375484,2.2015536686221093,1.1858494564885107,0.9280581150098414
126,sh3_r1_70,-189.741,0.7628502762189532,1.3861022732324069,2.38540714268,0.00016058034088928252,0.04242080450057984,0.7415390762359524,2.1116087207838765,13.796983499592464,83,FWYTIEAKATDPQLADWAAWMAQWLAYRNNNMSAKYFIEKLPKNKYKIRAFLKPPKQANSKRAPPPPRPPKPSKGGTAKVKFH,13,LLEEEEEEELLHHHHHHHHHHHHHHHHHLLLLEEEEEEEELLLLLEEEEEEEELLLLLLLLLLLLLLLLLLLLLLLLEEEEEL,EHEEE,0.3373493975903614,0.20481927710843373,0.4578313253012048,66.02968568462657,2.707241070261103,0.7612220751494483,1.1510668462991391
127,sh3_r1_162,-272.618,0.7120647240901437,1.4368616431537602,2.0845335521899835,6.436276294152776e-07,0.03892713785171509,0.5810520224271435,2.2193008508563548,13.385797206942136,98,AWYRRILNNLLKALMQLDNIPWWAKAALESNDEAAKWKFKALAKNASPEQKALAQLLYYLAQRARYAQMPPNQPPPRPPKPSKNQKKLLARLKAFIAA,13,LHHHHHHHHHHHHHHHHLLLLHHHHHHHHHLLHHHHHHHHHHHLLLLHHHHHHHHHHHHHHHHHHHHHLLLLLLLLLLLLLLHHHHHHHHHHHHHHHL,HHHHH,0.0,0.7346938775510204,0.2653061224489796,58.142078213799856,2.1568285917340146,0.9072444978695451,0.7475266906929241
128,sh3_r1_165,-254.051,0.6654152957626157,1.32632509170583,1.9708644126816404,2.2060439732740633e-05,0.029842853546142575,0.4552868401312582,1.7242006442867883,12.870009889593751,86,NQLMAELKQLYEQYVDRQRARAKNSGQPPPRPPKPSPESGRLVFPLAQLDNLAAYLPAPAAAKLKALAKKAAKKSGRPWVVVDPPS,9,LHHHHHHHHHHHHHHHHHHHHHHHHLLLLLLLLLEELLLLEEEEEHHHHHHHHLLLLHHHHHHHHHHHHHHHHHHLLLEEEELLLL,HEEHHE,0.12790697674418605,0.5813953488372093,0.2906976744186047,66.30124020815175,1.873395875468372,0.8398290784702195,1.0165526650628018
129,sh3_r1_119,-194.802,0.7033769111869805,1.3459285352103136,2.0921909787148247,0.0002931095077656209,0.07817882299423218,0.4140645378161588,1.807982367362916,14.148699281923154,74,NRQNAENRPPPRPPKPSPGQPEPNPEKLDEARQAYRDLYRRAAEASPAEASNAWRMAEQEYEMKYRRARRKFQQ,5,LHHHHHLLLLLLLLLLLLLLLLLLHHHHHHHHHHHHHHHHHHHLLLHHHHHHHHHHHHHHHHHHHHHHHHHHHL,HHH,0.0,0.6891891891891891,0.3108108108108108,64.88326996840632,5.115431753661741,0.7798471419307537,0.9692350207022656
130,sh3_r1_77,-154.591,0.6369385338508312,1.3500668285069644,1.816775113115097,1.02857472938922e-06,0.017848670482635498,0.5139276857340248,1.7829816401838443,12.573685384854965,59,IQDANKEYMKAMQLNKEAGQPPPRPPKPEPNASQEEWAEQIKQWAKDYANDYDAQKEQA,-3,LHHHHHHHHHHHHHHHHLLLLLLLLLLLLLLLLHHHHHHHHHHHHHHHHHHHHHHHHHL,HH,0.0,0.6949152542372882,0.3050847457627119,75.07168414809749,2.417898696477509,1.0551104848496018,0.8732269924767504
131,sh3_r1_117,-253.04,0.7158574192768676,1.4654010836448934,2.0345833541360343,2.4313711037393663e-05,0.07925403118133545,1.0716446806835844,1.9015496607493219,14.045781414833595,90,DAEAAAAEYLQKMKDRLRQYADEAEENYQNGNPNNASALQSQAKEMARQARDWINQYNNSNQWPPPPRPPKPTGNDNPEQAREAAQELDA,-5,LHHHHHHHHHHHHHHHHHHHHHHHHHHHHLLLHHHHHHHHHHHHHHHHHHHHHHHHHHHHLLLLLLLLLLLLLLLLLHHHHHHHHHHHHL,HHH,0.0,0.7555555555555555,0.24444444444444444,75.55980256920161,1.2076151289830015,0.6817179108804986,1.2261542301621842
132,sh3_r1_79,-284.519,0.6920708872801091,1.527498808309988,1.8563271235997043,0.016717948019504547,0.04309260845184326,0.4388216718376296,2.121844917846781,13.359745554685901,91,PPPRPPKPTPAAMKARRNIQQLQNSNDPDAWRNRARQALADFANALNKLAKSGRIPKEQIKRLKNLLANAATSPNPRSALNQLKNDYRQLL,13,LLLLLLLLLHHHHHHHHHHHHHHLLLLHHHHHHHHHHHHHHHHHHHHHHHHLLLLLHHHHHHHHHHHHHHLLLLLHHHHHHHHHHHHHHHL,HHHH,0.0,0.7362637362637363,0.2637362637362637,70.80966415994551,2.5156693224532383,0.8310302044317529,0.8126150449979184
133,sh3_r1_110,-305.092,0.6420774977100925,1.2250285328676305,1.91192364913376,0.0,0.07343530654907228,0.2840694419508461,1.5691225754519715,13.929003334029755,95,NKALKKYLKDLADYIKQMAKNMAENPSMPPPRPPKPTAQNANAINNLSAEQRQALLNLLAQAMMAAMRLRNNPNDNQALKQLQRAAKDLKAFLED,7,LHHHHHHHHHHHHHHHHHHHHHHHLLLLLLLLLLLLLHHHHHHHHLLLHHHHHHHHHHHHHHHHHHHHHHHLLLLHHHHHHHHHHHHHHHHHHHL,HHHH,0.0,0.7684210526315789,0.23157894736842105,86.04641098606409,1.1532232278231171,0.3288371014787621,0.30557110282350725
134,sh3_r1_125,-139.538,0.6909746663520919,1.381634267805903,2.038058890416746,6.6887449065689e-05,0.035046398639678955,0.676309147776227,1.9256573104997543,13.221348362144544,64,PEEWDNMKQEPRQAARKALEDPNMPPPRPPKPSGENPAQMALAADYKDWMQKAQQLRKERQADE,-1,LHHHHHHHHHHHHHHHHHHHLLLLLLLLLLLLLLLLHHHHHHHHHHHHHHHHHHHHHHHHHHHL,HH,0.0,0.71875,0.28125,70.0844176477672,2.203536445120137,0.8014735910205264,0.4447222439871548
135,sh3_r1_188,-250.149,0.6700294541790417,1.4594255277404078,1.8704886144547448,5.113201041240245e-06,0.020222902297973636,0.527835994230665,1.2447666095530916,12.441868303803618,84,FAWAALQEAAEASGMPPPRPPKPNMTAADQEAWMKEAIDWLAQAGDPRLALELAQAAIQQNNPEIAQEAQEELAQLMAAWMEAF,-9,LHHHHHHHHHHHHLLLLLLLLLLLLLHHHHHHHHHHHHHHHHHLLLHHHHHHHHHHHHHLLLHHHHHHHHHHHHHHHHHHHHHL,HHHH,0.0,0.75,0.25,74.161225071188,1.0658397411051828,0.3829507960048541,0.5635530683932891
136,sh3_r1_37,-221.911,0.7418471198592914,1.4071611285347632,2.140225153349787,4.3498775994521566e-06,0.16184061765670776,0.5930850067718224,2.1712670533145784,14.824646470051329,80,PDPEQAQKKKAKELLAYARYADQAEQDLQELKAQNNPAEAANNEKMLSDYQKDRPRADQLRQKYPDKNLPPPRPPKPNKN,3,LLHHHHHHHHHHHHHHHHHHHHHHHHHHHHHHHLLLHHHHHHHHHHHHHHHHHHHHHHHHHHHLLLLLLLLLLLLLLLLL,HH,0.0,0.725,0.275,74.85959048397656,7.203896842804253,1.5623844932166466,1.1773399610613189
137,sh3_r1_159,-187.606,0.7146288587675363,1.4290365584332634,2.1084868583508296,0.003795985830947757,0.028028905391693115,0.5809792096156853,2.012769739944791,13.326749205419278,71,DQEQEAEYAKDKQKWKALWEQARDNAKDNQTATWVDPNGKTEQATPAQAANMPPPRPPKPGSNKKPTFKYS,2,LHHHHHHHHHHHHHHHHHHHHHHHHHHHLLLEEEELLLLLEEEELHHHHHHLLLLLLLLLLLLLLLEEEEL,HEEHE,0.16901408450704225,0.4647887323943662,0.3661971830985916,68.98984898050385,1.4356685836879015,0.7343885650024076,0.43126986987673627
138,sh3_r1_30,-296.95,0.6546157578307243,1.3920913024081123,1.852317145386989,0.00025354354875162244,0.02816325426101685,0.4959909440644269,2.14533579488116,12.875951165689337,94,FKNAALFALLQQAEQAMEQYRQMSGEPPPRPPKPLSPSESPQEQIAKQKKQIDEAKQTGDKAQLLWQLKYLAKNAEQNNNDEAIDRAQALLQRL,1,LHHHHHHHHHHHHHHHHHHHHHHHLLLLLLLLLLLLLLLLHHHHHHHHHHHHHHHHHHLLHHHHHHHHHHHHHHHHHHLLHHHHHHHHHHHHHL,HHHH,0.0,0.7659574468085106,0.23404255319148934,78.31092637076972,1.6047738048275677,0.7374356262832338,0.8965598432041035
139,sh3_r1_122,-179.292,0.6673357091616418,1.4660803144452748,1.856596205667998,6.449250940931961e-05,0.013873040676116943,0.6196102549332031,2.3211467170121183,12.1880689906849,69,IKYALEYAKAYQDGGPPPRPPKPGSSNPQQIQAYAQIRRLRQMPEPEAKQRLKQLIADAEAMEQEQKMA,3,LHHHHHHHHHHHHLLLLLLLLLLLLLLHHHHHHHHHHHHHHHLLHHHHHHHHHHHHHHHHHHHHHHHHL,HHH,0.0,0.7391304347826086,0.2608695652173913,68.36534862954622,2.1409839790872365,0.760201458069327,0.6231946018278461
140,sh3_r1_181,-170.671,0.7042377959851889,1.4222359099183917,2.0543207887280337,7.278799785126466e-07,0.04463082551956177,0.5463176795283147,1.9886504806060947,13.548570755951294,66,DQQADQRRADRLEWAKAYYEAWAKYKAFMNPEMTPEQALAWAKQRYKRYARNNPNAPPPRPPKPLA,6,LHHHHHHHHHHHHHHHHHHHHHHHHHHHHLLLLLHHHHHHHHHHHHHHHHHHLLLLLLLLLLLLLL,HH,0.0,0.696969696969697,0.30303030303030304,74.60795091482031,2.2208814732955746,0.611295980317038,0.4059229910361252
141,sh3_r1_150,-173.961,0.6888922595094923,1.3337391832912409,2.0599824394186337,1.2661373602895763e-06,0.05073714256286621,0.5270611279828509,1.5239190736220491,13.857454397569725,68,LEDLDNQPPPRPPKPAKNDQENPDPAQKKKWEEWMAQWQDYREARQKNPEQAAAARADFDQENQQAER,-4,LHHHHLLLLLLLLLLLHHHHHLLLHHHHHHHHHHHHHHHHHHHHHHHLHHHHHHHHHHHHHHHHHHHL,HHHH,0.0,0.75,0.25,73.28536495674723,2.044588729676961,0.7158902579843555,0.6859873484308359
142,sh3_r1_93,-152.962,0.7250977127328235,1.4445816862776324,2.055912882554446,0.008933879435062408,0.10712623596191406,0.7521528318565759,2.046727525521561,14.297644117302791,59,PDLDGGPPPRPPKPEQRKLAEKNLQNSPNPPEAQKAKQLLDEAQEYAAYLSNRQAAAAD,-1,LLLLLLLLLLLLLHHHHHHHHHHHHHLLLHHHHHHHHHHHHHHHHHHHHHHHHHHHHHL,HH,0.0,0.7118644067796609,0.288135593220339,74.89419760334978,2.4847181293926766,0.5496659438528024,0.4587673714628935
143,sh3_r1_42,-151.825,0.6409624773480371,1.3963409621544458,1.7836089647249975,0.004229720216244459,0.016403019428253174,0.5097454589034539,2.0077879171446384,12.3502154259884,61,NDAELRKELMEARAEYQQARQANNQQGMPPPRPPKPSTNPQQQKQNLEDQKKWAEQAAKQA,2,LHHHHHHHHHHHHHHHHHHHHHHHHHLLLLLLLLLLLLLHHHHHHHHHHHHHHHHHHHHHL,HH,0.0,0.7540983606557377,0.2459016393442623,73.39084335088191,1.2777086676785496,0.5401002303033212,0.4398043702908129
144,sh3_r1_94,-239.374,0.6431342059888069,1.3564593958909863,1.8335441643191588,2.5501367417746224e-05,0.025616466999053955,0.4447691940102457,1.6107522951826092,12.88839766228675,79,DQQQERRDEAKARAARLLEDLDAAKAANDQEAIRDAIDMLWDAARQMMPPGMPPPRPPKPNMTPQEQLQQQRQIAAQIL,-2,LHHHHHHHHHHHHHHHHHHHHHHHHHLLLHHHHHHHHHHHHHHHHHHLLLLLLLLLLLLLLLLHHHHHHHHHHHHHHHL,HHH,0.0,0.7341772151898734,0.26582278481012656,75.34110958812403,1.4302057910061543,0.4808343166269811,0.4659610967876616
145,sh3_r1_45,-213.337,0.7080259032833336,1.5353683177381754,1.9965671106178011,1.4300738939709845e-06,0.008191227912902832,0.8502069639574599,2.030549266793118,11.705363726918645,77,AFAMRMAADEFENAPPPRPPKPGMSPWEQAIYRLIQDALASNNKWAAALAKLAWIAAEMGDPPMAQWALMMLQAAFQ,-1,LHHHHHHHHHHHHLLLLLLLLLLLLHHHHHHHHHHHHHHHHLLHHHHHHHHHHHHHHHLLLHHHHHHHHHHHHHHHL,HHHH,0.0,0.7532467532467533,0.24675324675324675,71.60598450107108,3.111612403029532,0.5158037767782241,0.5356486434284942
146,sh3_r1_186,-242.409,0.6849791685053639,1.4183799503026189,1.9912102370888929,0.0004021311469841749,0.014501392841339113,0.6222216611819755,2.1734472752587117,12.3866385605433,89,QAERKRAKKKAFKLAKDAKLGRPLPDEAIEEKMQFSKNDPWLYAIADALWYAKLKATNPNAPPPRPPKPTKEMDPEPWFKAQKAYKKAM,10,LHHHHHHHHHHHHHHHHHHLLLLLLHHHHHHHHHHHHHLHHHHHHHHHHHHHHHHHHLLLLLLLLLLLLLLLLLHHHHHHHHHHHHHHL,HHHH,0.0,0.7078651685393258,0.2921348314606741,69.03467231681907,2.8287127335954665,0.8457338941881863,0.5804767010368196
147,sh3_r1_39,-217.501,0.755694165902562,1.599411386444613,2.1445829509799093,0.0028144882526248693,0.02884751558303833,0.8708283624670391,2.45849382710454,12.806133780518625,80,AAFANLANLPPPRPPKPGQPAPFLMMMAWLAMAFDPALAWELWALAMAAQMLSAPQLWAAYMLYYRLWQQALRRLLKKAD,4,LHHHHHHHLLLLLLLLLLLLHHHHHHHHHHHHLLLHHHHHHHHHHHHHHHHLLHHHHHHHHHHHHHHHHHHHHHHHHHHL,HHHH,0.0,0.7625,0.2375,78.76425350599541,1.5337289598025146,0.6137017453709176,0.9099455577705879
148,sh3_r1_157,-163.169,0.6690648517784934,1.3506762362602684,1.9626027762719858,7.987617209437303e-06,0.032029271125793464,0.6218576890117683,2.0782871720252323,12.880342086816244,56,LKQMAKQMLEQIKSKLPPEQRAQAQQYLDDLEDWAADAAEARKDNMPPPRPPKPKF,1,LHHHHHHHHHHHHHHLLHHHHHHHHHHHHHHHHHHHHHHHHHHLLLLLLLLLLLLL,HH,0.0,0.7142857142857143,0.2857142857142857,81.02314515947805,2.7859776751210745,0.4738491064870952,0.32665274410144385
149,sh3_r1_60,-131.576,0.7529437909155243,1.5155270118956212,2.2017753803110742,9.086992577067576e-06,0.04739838838577271,0.382256668464715,1.7483930822377876,13.422350803774732,63,QALEALQNMPPPRPPKPGENVPSAAWREAYNAYRQDPPAARALYRDLRLLAALKWAMMAAFFA,3,LHHHHHHLLLLLLLLLLLLLLLLHHHHHHHHHHHHLHHHHHHHHHHHHHHHHHHHHHHHHHHL,HHH,0.0,0.6984126984126984,0.3015873015873016,64.693389890308,10.426751064297283,0.8999107432722194,0.9977584536459732
150,sh3_r1_172,-200.967,0.7452838703856202,1.5736073242431436,2.0765048841236773,1.7149146515293978e-05,0.07627284526824951,0.3936390512874672,2.051579560940671,14.057536576886912,78,PPPRPPKPIPPPPDNPNDPEQKQQYLKELQPNLPYILELIEKARKLESSGEKWPEPELAQARRAQRWLSWASRLAEEA,0,LLLLLLLLLLLLLLLLLLHHHHHHHHHHHHHHHHHHHHHHHHHHHHHHHLLLLLHHHHHHHHHHHHHHHHHHHHHHHL,HH,0.0,0.6923076923076923,0.3076923076923077,76.07480821134097,2.565056503223064,1.8829001989371237,1.8024032548306996
151,sh3_r1_175,-275.337,0.7173352871043381,1.5498759230874757,1.9878674659508169,7.012200057943118e-06,0.04891902208328247,0.7724333299632539,2.226379959079356,13.478382782911485,89,NAAQLLREAKQEAQKQAQQRKADPNMPPPRPPKPAELAELASYLQRYESGRELPTSPAERKKLKEKAKHLAQYAAYAKARGDPELADFF,5,LHHHHHHHHHHHHHHHHHHHHHLLLLLLLLLLLHHHHHHHHHHHHHHHLLLLLLLLHHHHHHHHHHHHHHHHHHHHHHHHLLHHHHLLL,HHHH,0.0,0.7191011235955056,0.2808988764044944,76.64705426193797,1.628242494157958,0.43270923483077295,1.0138624182955258
152,sh3_r1_109,-97.8267,0.7536650729025641,1.5247940311415333,2.2128262921192103,0.0008325609378516674,0.029039919376373288,0.5062510214229222,1.9360305033039376,13.472020138683146,56,MRDDAEQYPPPRPPKPKGTLPKKNRPKLQKLYAKAKNAPPAERQDEWPAFMKAYQQ,7,LLLLLLLLLLLLLLLLLLLLLHHHHHHHHHHHHHHHHLLHHHHHHHHHHHHHHHHL,HH,0.0,0.5714285714285714,0.42857142857142855,69.57848521768551,3.4568042170648368,1.0850542358746982,1.1252781694505944
153,sh3_r1_67,-188.17,0.7199839779642575,1.4461017782903383,2.116045304238309,0.006843374576419592,0.024086058139801025,0.6268986936378829,1.889606043421052,13.116552977000758,81,NAFQRIKAQAKEIANAPPGMPPPRPPKPGEGPQAMAQAKRTQSPDGQRTITITAYSADNRPLATVKYTRVDNQPVAEATQS,5,LHHHHHHHHHHHHHLLLLLLLLLLLLLLLLLLLLEEEEEEEELLLLLEEEEEEEELLLLLEEEEEEEEEELLEEEEEEEEL,HEEEE,0.41975308641975306,0.16049382716049382,0.41975308641975306,67.84951458707998,2.643275932276989,0.6895835938780112,0.6675297733153069
154,sh3_r1_15,-240.29,0.6596665310923889,1.3376655428221933,1.911304611483413,2.1858274976693792e-06,0.049358129501342766,0.6123623982055557,1.3716994269456784,13.343806365622491,85,LARLRRQLKEAKNQIKAAHNDPGAPPPRPPKPDPGQPPEMQAKQMAAYMAIWQAARTGDRPRAKAALKEAKQKLEKAANDQKKNM,11,LHHHHHHHHHHHHHHHHHHHLLLLLLLLLLLLLLLLLHHHHHHHHHHHHHHHHHHHLLLHHHHHHHHHHHHHHHHHHHHHHHHHL,HHH,0.0,0.7411764705882353,0.25882352941176473,76.15307125812394,2.021990139069327,0.6956382227996543,0.3971542007055868
155,sh3_r1_107,-208.962,0.7076588805077093,1.4028696996608263,2.0826327461237844,0.00042814199696294963,0.051935672760009766,0.6514725865623185,1.9157953335694484,13.598843622959356,74,NFMALAMARQAWAAADAMHRLAEEAKDSNDPAQARALYKQYKAAWAFYKAFAQLDPNAPPPPRPPKPGDPLFQA,2,LHHHHHHHHHHHHHHHHHHHHHHHHHHLLLHHHHHHHHHHHHHHHHHHHHHHLLLLLLLLLLLLLLLLLHHHHL,HHH,0.0,0.7027027027027027,0.2972972972972973,73.52266700446634,1.445591043466764,0.9271858042085666,0.8493164532117246
156,sh3_r1_69,-195.524,0.5946699872160368,1.2892800268751603,1.6738550884576586,1.8638610299603894e-07,0.010214447975158691,0.3785792765665936,1.4573444964571338,11.787690090912461,70,AWQRLYAQLRQLSMQLGLPPPRPPKPGMTPQEQMKEIYEEIQWLKSRAKQNGASAAQIAALDALKNEIKQ,4,LHHHHHHHHHHHHHHLLLLLLLLLLLLLLHHHHHHHHHHHHHHHHHHHHHLLLLHHHHHHHHHHHHHHHL,HHH,0.0,0.7142857142857143,0.2857142857142857,89.16816011935938,0.79828992931481,0.299623006725298,0.4282380778353661
157,sh3_r1_100,-186.25,0.6998947031786731,1.326735228989963,2.0548604459076136,0.0,0.11787784099578855,0.7773459088377084,1.428889199156444,14.368956504914932,70,KPTESQREQLEMKYKAEAADWAREAARRRANMAQGEEPAPPPRPPKPEKGVEWPPEARQAWMQAWQFAQQ,1,LLLHHHHHHHHHHHHHHHHHHHHHHHHHHHHHHLLLLLLLLLLLLLLLLLLLLLHHHHHHHHHHHHHHHL,HH,0.0,0.6428571428571429,0.35714285714285715,78.455986978432,2.534708045210285,0.6922225861871244,0.7613141313917614
158,sh3_r1_12,-285.379,0.6989345428943423,1.4273647559737717,2.039151018138317,0.0029405674431473017,0.02227580547332764,0.5707905546910248,2.1138414122684344,12.71666932383525,93,DAEKDAAEELAFQIQQALQQRLQMLSEAQAAALLAAAQALKMMAKFAAQHGQYKEIEQMAQALSNPGMPPPRPPKPGSGNPWLYAAWQALWAF,-1,LHHHHHHHHHHHHHHHHHHHHHHHLLHHHHHHHHHHHHHHHHHHHHHHHHLLHHHHHHHHHHHLLLLLLLLLLLLLLLLLHHHHHHHHHHHLL,HHHH,0.0,0.7419354838709677,0.25806451612903225,74.62912421416591,1.2320143804398225,0.5546522114770974,0.6894928236153689
159,sh3_r1_135,-260.175,0.7129931914731813,1.3655989085220628,2.172941407057071,0.00015356243238784373,0.02611851692199707,0.6251499015385718,1.4652768594542978,13.232837402788439,92,WTIYAKDSDNPTAEDRQAAKEQAQDNIEAMQERAQAGPNAPPPRPPKPPANKQPKKPKKDNDGAEIEEYNDYVVIESNGDPQAAEKAADAFK,-5,LEEEEELLLLLLHHHHHHHHHHHHHHHHHHHHHHHHLLLLLLLLLLLLLLLLLELLLEELLLLLEEEEELLEEEEELLLLHHHHHHHHHHHL,EHEEEEH,0.1956521739130435,0.3804347826086957,0.4239130434782609,62.53935784412282,3.15281298226275,0.7696735978596819,0.6176212120052317
160,sh3_r1_27,-161.942,0.7129935922999718,1.4485297617674977,2.067837802069367,4.153528152528452e-06,0.04859209060668945,0.4618344218216121,1.4996081461034132,13.780103128184738,62,SPAADQAWKQARLKRYLQYLQRWAFKYNIDPQEARQEAQAAYSAGSSQPPPPPRPPKPEEAS,3,LHHHHHHHHHHHHHHHHHHHHHHHHHHLLLHHHHHHHHHHHHHLLLLLLLLLLLLLLHHHHL,HHH,0.0,0.6935483870967742,0.3064516129032258,72.94629772050018,1.442528037964853,0.7401952479430383,0.7970273190407802
161,sh3_r1_149,-169.721,0.6772929362548972,1.4103483213456691,1.9494211124602925,9.922175195242744e-06,0.026675403118133545,0.5592683573607121,1.4687177577663124,13.053117772238402,64,NYRAKATAQNNAYKAEASTYAQENASSPEDRQEAQEYLAQYAQQAKQLNTPEDANLPPPRPPKP,-1,LHHHHHHHHHHHHHHHHHHHHHHLLLLHHHHHHHHHHHHHHHHHHHHHHLHHHHLLLLLLLLLL,HHH,0.0,0.75,0.25,66.03593248600211,2.165192570175212,0.9735120721740884,0.7142905471045374
162,sh3_r1_198,-127.777,0.756899155349374,1.659879966604489,2.11670840937611,4.607947630574927e-05,0.007815241813659668,0.9643888485208356,1.9492962402419909,11.91772164698333,55,QWLQNMPPPRPPKPGLAEALEYAMWLMQRAALLPPQQFWQYMKRAWAYMAFLIML,3,LHHHHLLLLLLLLLLHHHHHHHHHHHHHHHLLLLHHHHHHHHHHHHHHHHHHHHL,HHH,0.0,0.7090909090909091,0.2909090909090909,74.94345091357654,2.1833763644038378,1.156785365209344,1.5744938912093842
163,sh3_r1_20,-227.008,0.7384516500009783,1.3498247487953416,2.312742840933149,9.423685014553483e-07,0.029688775539398193,0.4620545031234557,1.510168646793863,13.074174585591335,86,KRNPNEPPPPPRPPKPSGDGRLEIDKASIAQLKAWARRKNPDARRIPKEAWQNPKELAKWAAKSPNGEELKAKADALAQRWKAEKF,10,LLLLLLLLLLLLLLEELLLLLEELLHHHHHHHHHHHHHHLHHHHHLLHHHHLLHHHHHHHHHHLLLLHHHHHHHHHHHHHHHHHHL,EEHHHHH,0.04651162790697674,0.5930232558139535,0.36046511627906974,67.22904431648149,5.75680696316954,1.1808943726889247,1.0288198705531812
164,sh3_r1_132,-222.079,0.7513834021747651,1.4869695468633264,2.139444384405748,8.921480002754834e-06,0.13048523664474487,0.39941028861110417,1.2309592490382577,14.51105824723648,85,WWDLRKFLSNNALPPPRPPKPEAASPPEMKEQAKDDAQRWLQEYAARAEQRAQQNNDPAQAAKRADLARAYWQAWLQMWAQWFDD,0,LHHHHHHHHHLLLLLLLLLLLLLLLHHHHHHHHHHHHHHHHHHHHHHHHHHHHHLLLHHHHHHHHHHHHHHHHHHHHHHHHHHHL,HHH,0.0,0.7647058823529411,0.2352941176470588,64.64848984221966,3.0814569611140032,1.0232371374240858,0.9222047567052865
165,sh3_r1_9,-279.181,0.6630883142021942,1.3476279611802764,1.9465069028991262,3.345143682054186e-07,0.02130603790283203,0.5509359368766622,1.9332948274801804,12.589020979460669,90,RAIKAKAMSLYRAAHPGQPPPRPPKPGENVDPQDIQQNLNQAQANNDPAQLVQALMLALNSDQLPPEDKAQYAQAAEQKLEQARAARDFA,0,LHHHHHHHHHHHHHLLLLLLLLLLLLLLLLLHHHHHHHHHHHHHLLLHHHHHHHHHHHHHLLLLLHHHHHHHHHHHHHHHHHHHHHHHHL,HHHH,0.0,0.7,0.3,70.3192914557565,2.02879206552512,0.5938664631612326,0.5550996113604317
166,sh3_r1_140,-213.379,0.6993543480562363,1.3963696773129481,2.0723130397730265,0.004074114840477705,0.01994079351425171,0.8981025334644391,2.1124458595001347,12.64738434684941,78,FYEITITANKNTAKAARKRMQAEQKEMQQMGPTAKVEPTKEGNNVKYTITFNRSQNPNAPPPRPPKPDNDGQEMKVKP,6,LEEEEEEEELLHHHHHHHHHHHHHHHHHHLLLEEEEEEEEELLEEEEEEEEEHHHLLLLLLLLLLLLLLLLLEEEEEL,EHEEHE,0.3974358974358974,0.2692307692307692,0.3333333333333333,77.60984911480237,2.00223265164098,0.7486867813781609,0.6150626791151479
167,sh3_r1_191,-201.453,0.6745377364152265,1.3537600874486897,1.953291399612528,1.2635707662411733e-06,0.06563466787338257,0.4899879927533302,1.5616455612421742,13.818478791700326,69,KQAEKQAAMMEYQQAWAEYQAASGQPKPPPRPPKPSKNMTEQQFAQQLKEWARRMKAEAKQAADDRQEQ,3,LHHHHHHHHHHHHHHHHHHHHHHLLLLLLLLLLLLLLLLLHHHHHHHHHHHHHHHHHHHHHHHHHHHHL,HH,0.0,0.7246376811594203,0.2753623188405797,74.24115177152937,2.097734914765567,0.6696354603894454,0.7966317677963262
168,sh3_r1_52,-194.96,0.6367256485199634,1.451924557280209,1.7264195254096741,7.0480164140462875e-06,0.005270063877105713,0.7806062393135045,1.5729438436360783,11.379560977587476,63,AQAQQKWQAAAALMKEAKANRQQGNPQQARDKADALYNNGASPAMAKALNDKLGLPPPRPPKP,6,LHHHHHHHHHHHHHHHHHHHHHLLLHHHHHHHHHHHHHLLLLHHHHHHHHHHHLLLLLLLLLL,HHH,0.0,0.7142857142857143,0.2857142857142857,73.63540507067567,1.1915290036541628,0.7966530822410186,0.6766948500228528
169,sh3_r1_83,-164.968,0.6875692416715975,1.463496852528166,1.970772227536548,2.3917566522868583e-06,0.0035723447799682617,0.5254199298457065,2.08384548763601,11.11395230220022,63,ARERAKALADEAKNSPTPEEAWQNWQDAWQLAISPAMQGGPPPRPPKPGMPAQEMRKQAEQWF,0,LHHHHHHHHHHHHLLLLHHHHHHHHHHHHHHHHHHHLLLLLLLLLLLLLLLHHHHHHHHHHHL,HHH,0.0,0.6666666666666666,0.3333333333333333,73.21810420376502,2.3870931671754048,0.8129264486748157,0.6979723370528882
170,sh3_r1_7,-190.451,0.6662513300201797,1.4985439753918737,1.8250966058431244,8.178723874152638e-06,0.007599711418151855,0.4254007420906865,2.0304903951034263,11.843564342081278,64,DADAAKWQLLAMAQLLRDAPPAERAAAAQWLEDMARDSGIPKAQIWKLLDEAGLPPPRPPKPKN,0,LHHHHHHHHHHHHHHHHHLLHHHHHHHHHHHHHHHHHHLLLHHHHHHHHHHHLLLLLLLLLLLL,HHH,0.0,0.71875,0.28125,79.46489909383273,3.014070216630963,2.168399277365422,2.277153164211066
171,sh3_r1_55,-225.131,0.6848565451483503,1.4667405054249147,1.9276396755765832,9.729029443406033e-06,0.02988308668136597,0.3602202217571817,1.6459034320706123,13.035578158068207,81,QAPPPRPPKPAPTPADANNLLAKFKKKNPANADIAQAIKNSPSEEEKRMALNQLYRAYELLNANDAARAQALLQQAKQKAF,6,LLLLLLLLLLLLLHHHHHHHHHHHHHHLHHHHHHHHHHHLLLLHHHHHHHHHHHHHHHHHHHLLLHHHHHHHHHHHHHHHL,HHHH,0.0,0.7283950617283951,0.2716049382716049,75.45579366507991,2.3185594372943115,1.1877743637119007,1.2710770919295462
172,sh3_r1_84,-131.876,0.7306135583736806,1.4229648686531515,2.0477871380148067,1.022473497869214e-06,0.1823137402534485,0.2809368824954691,1.5474305623363256,14.750909939708988,55,PAPPPRPPKPEDIALLQRPPETPQQAAAAQAKRSEYQDNQARWAAYKQNRDNNLK,3,LLLLLLLLLHHHHHHHHLLLLLHHHHHHHHHHHHHHHHHHHHHHHHHHHHHHHHL,HH,0.0,0.7272727272727273,0.2727272727272727,77.09796127705201,2.198462992676516,0.8619400973947404,0.9248973664818247
173,sh3_r1_0,-190.639,0.6459112202607051,1.3820840931600995,1.8274736168751808,1.2904285995318787e-07,0.019998133182525638,0.6173422121915297,1.9032133872081511,12.749414029486813,70,AAQEQQQRDRNQQQARAQLRQAIDTGQSWDAWRALMDQWAAARPGMPPPRPPKPGMSKEEQKQQADQLIK,3,LHHHHHHHHHHHHHHHHHHHHHHHLLLLHHHHHHHHHHHHHHLLLLLLLLLLLLLLLHHHHHHHHHHHHL,HHH,0.0,0.7,0.3,70.39343590168829,1.4781969801742343,0.9654028132522308,0.5608801274505698
174,sh3_r1_29,-259.84,0.6960638111455073,1.4078805801907068,2.041082914284845,8.431148307863623e-05,0.031186938285827637,0.7348773850994371,1.8565964436532347,12.948690449740507,89,SDKEKAKQALELAAALRRLMEAGDWPAAQQAMDALWKEMEDPEDLALWYLAWAEAMDAWANSPESNLPPPRPPKPTAQNAEALDRAMKF,-6,LHHHHHHHHHHHHHHHHHHHHLLLHHHHHHHHHHHHHLLLLHHHHHHHHHHHHHHHHHHHHLLLLLLLLLLLLLLLHHHHHHHHHHHHL,HHHH,0.0,0.7303370786516854,0.2696629213483146,74.18222205813859,1.3022343175131648,0.5514922906942071,0.9985093582671898
175,sh3_r1_147,-153.17,0.6872926381162936,1.3281560514674142,2.088814537836747,5.54496655240655e-05,0.019381701946258545,0.3730527838872408,1.792063463642159,12.678288494314364,63,IDEAREWMQEISEQSGQPPPRPPKPDPNDNDPQAMEANLQEWYQQILQRAEEKGIKPPDKPKA,-5,LHHHHHHHHHHHHHHLLLLLLLLLLLLLLLLHHHHHHHHHHHHHHHHHHHHHLLLLLLLLLLL,HH,0.0,0.5555555555555556,0.4444444444444444,74.4987137710296,2.0206779375890176,0.5371478880752603,0.5940699127222426
176,sh3_r1_196,-141.775,0.7813259949905631,1.5879226160684117,2.286476220829336,1.989754309761338e-06,0.032227158546447754,0.9364778091864584,1.8536945185585327,13.024029646566865,59,LRQAAQALGLPPPRPPKPGEDFTQPPKKPNSPQQWQDYLYREWYLLRKRDRKSQDDDEK,3,LHHHHHHLLLLLLLLLLLLLLLLLLLLLLLLHHHHHHHHHHHHHHHHHHHHHHHHHLLL,HH,0.0,0.5254237288135594,0.4745762711864407,67.40836119135078,5.323236557357262,0.8727815293833869,0.989202436976412
177,sh3_r1_95,-280.319,0.6425347361671494,1.3211577655402598,1.8388109908648869,2.02362048185023e-06,0.05270087718963623,0.4945352830758052,1.5330932385320257,13.451356832238462,92,NQAAARLMALYNDLQSAMAQTNSPALRDAAADAQQLQSALQQNNPEELDTMPPPRPPKPGMSAPEQQAQTKYAALMDAWQALRQELRAQRAN,-1,LHHHHHHHHHHHHHHHHHHLLLLHHHHHHHHHHHHHHHHHHLLLHHHHLLLLLLLLLLLLLLHHHHHHHHHHHHHHHHHHHHHHHHHHHHHL,HHHH,0.0,0.75,0.25,79.86443039001297,1.2188817162016083,0.5000391573577673,0.523996460032673
178,sh3_r1_44,-256.686,0.6619935218066071,1.3982128459546297,1.8740021762082075,1.2828350293148105e-07,0.03775233030319214,0.3461803254943339,1.8391292961087171,12.919247562779331,84,ADRFRALYNQAWEQQREEAAQANMPPPRPPKPGVLNEFIQQAERAKKNGNPEAAIKAAMAKAAKEHPQFAQILKQALKEEAAAL,3,LHHHHHHHHHHHHHHHHHHHHLLLLLLLLLLHHHHHHHHHHHHHHHHLLLHHHHHHHHHHHHHHHLHHHHHHHHHHHHHHHHHL,HHHH,0.0,0.8095238095238095,0.19047619047619047,79.84994956736149,2.917660156946489,0.6841437595551418,0.7077096799586163
179,sh3_r1_187,-210.346,0.6740023709664709,1.4177171393401091,1.928350374453076,9.428906196262687e-06,0.023925483226776127,0.8591847949025967,2.2888270448502404,12.979960902404725,76,DKQAAEKKRAQRARNKYKQLANKGDPEAKALAKWAQQSNDPQQIKEAAEWAEQLKNAKNNPNMPPPRPPKPNNQPP,8,LLHHHHHHHHHHHHHHHHHHHHHLLHHHHHHHHHHHHLLLHHHHHHHHHHHHHHHHHHHLLLLLLLLLLLLLLLLL,HHH,0.0,0.6842105263157895,0.3157894736842105,73.06565424993241,2.2587666835231848,1.2529400094525625,0.6909610133576356
180,sh3_r1_38,-182.427,0.6528450284064962,1.488076090812683,1.7715756103084253,4.4884095586894546e-06,0.004564464092254639,0.4657041192891898,1.1998601407761929,11.208170163682196,61,AYQALRQAAQQLGLPPPRPPKPNESPADLANWKQNARELARLIDMGNPAQARALYRRLYRS,6,LHHHHHHHHHHHLLLLLLLLLLLLLHHHHHHHHHHHHHHHHHHHLLLHHHHHHHHHHHHHL,HHH,0.0,0.7049180327868853,0.29508196721311475,81.59344260421523,1.148004669984842,0.5598399227286217,0.6452642832462696
181,sh3_r1_156,-202.944,0.637102132021176,1.3132892895351955,1.85454148829234,1.4067840083953342e-06,0.01767706871032715,0.42732301537917455,1.8847309590636177,12.397023863017097,69,KAKDALRKLSAEEAYQFAEALWKMARDMWKEANPNMPPPRPPKPNATPAEALEQAELALQWWFQAAAMA,0,LHHHHHHLLLHHHHHHHHHHHHHHHHHHHHHHLLLLLLLLLLLLLLLHHHHHHHHHHHHHHHHHHHHHL,HHH,0.0,0.7101449275362319,0.2898550724637681,76.31756848704927,1.5958188122695935,0.5081577299075146,0.3858559464042982
182,sh3_r1_180,-154.242,0.6762461601489443,1.4668339240468211,1.8990433702087088,0.000418278417782858,0.014516949653625488,0.4891318566358894,2.2648059038158843,12.256335329027882,59,EQRPPPRPPKPGDKQEAQEAMAEARQEMQRLQAENDPPEAWRLMQQFDQLLAWLAEAQK,-3,LLLLLLLLLLLLLHHHHHHHHHHHHHHHHHHHHLLLHHHHHHHHHHHHHHHHHHHHHHL,HH,0.0,0.7118644067796609,0.288135593220339,76.94179635108107,2.4017861553443094,1.1386974504732543,0.9448981881497628
183,sh3_r1_151,-213.493,0.7293217368073619,1.3584873199600864,2.260778567751039,0.0,0.027342796325683597,0.3626997866816273,1.3400747548318364,13.156937959880905,84,FATLTVEDKNGNAFEAKNLSPEDAEQIAQLASSSNAAQALQLAQQAYAEDAARRAAENPNMPPPRPPKPSNDNKSEAQPTIKFS,-3,LEEEEEELLLLLEEEEEEELHHHHHHHHHHHHHLLHHHHHHHHHHHHHHHHHHHHHHLLLLLLLLLLLLLLLLLLLLEEEEEEL,EEHHE,0.2261904761904762,0.4166666666666667,0.35714285714285715,64.23953315395424,2.6660097964343605,0.8292902671310922,0.6958326404286164
184,sh3_r1_92,-232.925,0.6727473923737389,1.435805870289052,1.912395895861385,2.420944474579301e-05,0.01548677682876587,0.9909832730063785,2.253209700485288,12.344345730295384,76,DQAPPPPRPPKPDPNLSPQAQKKIFQLAMQAEFLYRSNNPEKIAKALKQLEAELRAMGITPAQAQEIASQLKEYAL,2,LLLLLLLLLLLLLLLLLHHHHHHHHHHHHHHHHHHHLLLHHHHHHHHHHHHHHHHHLLLLHHHHHHHHHHHHHHHL,HHH,0.0,0.6710526315789473,0.32894736842105265,76.36372714144026,1.702228198375338,0.8506729850134841,0.6473223619422361
185,sh3_r1_43,-184.723,0.6846076322848269,1.4532813961031261,1.962151754289394,4.742371970678505e-07,0.007604062557220459,0.5845823414321453,1.7044190110802417,11.965088230713716,66,EFAERLDSMPPPRPPKPGESPDEVLEDMREEYSAPEFALALLFYKAWLLNLDPAEMQEMRREAAAL,-8,LHHHHHHLLLLLLLLLLLLLHHHHHHHHHHHLLHHHHHHHHHHHHHHHLLLLHHHHHHHHHHHHHL,HHHH,0.0,0.6818181818181818,0.3181818181818182,81.49447518880632,1.0097385644681092,0.32680610445685915,0.4786308125624261
186,sh3_r1_31,-232.747,0.7180164807678262,1.5649608436420008,2.008062730463843,7.965180702740327e-05,0.016899526119232178,0.8146601974906971,1.3882618246010157,12.497772358928845,82,ATLRALLAQLEASANNPAAYWNLMMQAQNQLSDQAKQSGEKVEIKITFGGMTNKFTANARSGQQPPPPRPPKPGATPKVEIF,4,LHHHHHHHHHHHHHHLHHHHHHHHHHHHHHHHHHHHHHLLEEEEEEEELLEEEEEEEELLLLELLLLLLLLLLLLLEEEEEL,HHEEEE,0.2682926829268293,0.4390243902439024,0.2926829268292683,71.34217747781412,1.6267743459143609,0.7994188550287711,1.1012631401050297
187,sh3_r1_123,-180.118,0.6907095343920068,1.3737293442504277,2.0463567353907344,3.4380566376057686e-06,0.033454716205596924,0.6155140445742409,2.127285194188115,12.954504696419649,72,QALDELEQSTDPEERWKMLDAKADRLNDQNMSWPQWRALYQQAWAKAKEKSPNPPPPPRPPKPTPQTKQQMM,1,LHHHHHHHLLLHHHHHHHHHHHHHHHHHLLLLHHHHHHHHHHHHHHHHHLLLLLLLLLLLLLLLHHHHHHHL,HHHH,0.0,0.6666666666666666,0.3333333333333333,68.62529093874387,2.7225630025311016,1.2407774212366809,1.2188648151147354
188,sh3_r1_124,-180.151,0.6553601368001412,1.3415000360735037,1.9203805953228632,2.2037409053154992e-06,0.014915645122528074,0.6938026934395608,2.125747391628428,12.3290974009032,64,QKALALLQNSPSDDEKDYLKQALEYARDQQQAKNNPNRPPPRPPKPSPNPQKRKLWAELMDLAF,3,LHHHHHHHLLLLHHHHHHHHHHHHHHHHHHHHHHLLLLLLLLLLLLLLLHHHHHHHHHHHHHHL,HHH,0.0,0.671875,0.328125,75.02246925246948,1.8670745571676977,0.6893206189695709,0.700533142834841
189,sh3_r1_189,-180.608,0.6539893125625691,1.3500686994995232,1.8436427999392797,0.025520239025354385,0.02519458532333374,0.2877782809311446,1.7355878207410835,12.780967654125702,67,SENAQQWQQKAQEWWADAARESGSQAIAAELQADAQKEMAANPNAPPPRPPKPEEIKALAAQQEAAQ,-4,LHHHHHHHHHHHHHHHHHHHHHLLHHHHHHHHHHHHHHHHHLLLLLLLLLLLHHHHHHHHHHHHHHL,HHH,0.0,0.7761194029850746,0.22388059701492535,80.99398994830149,1.9650484502625851,0.5714365215649589,0.6804566027705096
190,sh3_r1_36,-174.834,0.7250061136930367,1.4529189458461822,2.153499309803907,1.817322845454328e-05,0.01857596635818481,0.7767387852208051,2.160825368770619,12.830952135855506,82,PPPPPRPPKPSGEMTNGKIVYEITMNGNTAWIEVPPQKPGEEAEAYSADGQKVKATAEKTNDNRYTLKARTNNKEVKAKAPK,4,LLLLLLLLEEEEEEELLEEEEEEEELLEEEEEEELLLLLLLEEEEELLLLLEEEEEEEELLLLLEEEEEEELLEEEEEELLL,EEEEEEE,0.5853658536585366,0.0,0.4146341463414634,62.8428691287411,6.049760191969327,0.904706592765477,0.7467221480212629
191,sh3_r1_158,-275.218,0.6694427922134147,1.4556947358780437,1.867700757877345,3.9509200178144965e-06,0.02381056547164917,0.7389375759894925,2.10964561491322,12.74815170378374,95,NAQLRKLLWLYNQAQNLYENGNWPQALALAKEFAAKLPSPPERARLKQAIQAAKNSPNKEARASRFWKKLWALLQEALMQLGEKPPPPPRPPKPN,10,LHHHHHHHHHHHHHHHHHHLLLHHHHHHHHHHHHHHLLLHHHHHHHHHHHHHHHHLLLHHHHHHHHHHHHHHHHHHHHHLLLLLLLLLLLLLLLL,HHHH,0.0,0.7263157894736842,0.2736842105263158,78.24335836955464,1.750862059425483,0.6356392551564264,0.6466215640446779
192,sh3_r1_111,-245.647,0.6726647516383075,1.2701966765302195,2.0095945978786984,0.0025336004327982664,0.0784652829170227,0.36936634586103934,1.6059769893876992,13.976913084999293,95,NRAQFFLQAFEAAANQLKAELNKQGIPPALLQQLEKEQKEQKAEMQRESSSADPQPHPPPRPPKPTKQMQNDPQAMQLYEELRADWREAWMAAWM,-1,LHHHHHHHHHHHHHHHHHHHHHHLLLLLLHHHHHHHHHHHHHHHHHHHHHHLLLLLLLLLLLLLLLHHHHHLHHHHHHHHHHHHHHHHHHHHHHL,HHHH,0.0,0.7473684210526316,0.25263157894736843,73.87607734616911,1.7840745627924983,0.9662645643527588,0.8338486672447598
193,sh3_r1_116,-248.68,0.6793750541728628,1.4514008322385723,1.9167704580267932,7.390625978587195e-05,0.028556168079376217,0.4831715010248969,1.8327340410308368,12.967260759244725,87,ESLRERLANMPPPRPPKPNMDPEMRQAEAQIYKALQRARQLARNGASPEQLARLLRQAANQARRLRKRSGNGTAAAAWAKQLEDRAR,11,LLHHHHHHHLLLLLLLLLLLLHHHHHHHHHHHHHHHHHHHHHHLLLLHHHHHHHHHHHHHHHHHHHHHHLLLHHHHHHHHHHHHHHL,HHHH,0.0,0.7471264367816092,0.25287356321839083,77.882273153897,1.5747527227677172,0.418713932094404,0.5211882094916419
194,sh3_r1_78,-324.254,0.6259895897245016,1.3514805945947217,1.7543235825677397,6.761669624211206e-08,0.024143636226654053,0.5123976434120963,1.9851067247951613,12.471108496564517,95,AIAQAAQLARQAKNASPEELKALLYDLAHALNQIAAAANQNRGMPPPRPPKPGMSPEELIEQIKQQAAEIMMHSPNADQAAELLDILDDLQDQLN,-6,LHHHHHHHHHHHHHLLHHHHHHHHHHHHHHHHHHHHHHHHHLLLLLLLLLLLLLLHHHHHHHHHHHHHHHHHHLLLHHHHHHHHHHHHHHHHHHL,HHHH,0.0,0.7789473684210526,0.22105263157894736,85.5117980592137,1.0747443907634395,0.6768121514231669,0.350241777916516
195,sh3_r1_164,-260.842,0.6468701703637962,1.4846869922001604,1.7393726235403193,2.1246253254503245e-06,0.010286986827850342,0.3293109357918711,1.756023181952354,11.867226960971749,84,MPPPRPPKPEEIRQIIAYISPAQRNQLRRLAEQLKQNPSAAKQQLQNLANTMPPPQARAAAKLAQILDYYPEQQAAERLEDALN,3,LLLLLLLLHHHHHHHHHHLLHHHHHHHHHHHHHHLLLHHHHHHHHHHHHLLLLHHHHHHHHHHHHHHHHLLHHHHHHHHHHHHL,HHHHH,0.0,0.7619047619047619,0.2380952380952381,77.24385706363418,1.382859438620469,0.5472697587757109,0.6153215618132435
196,sh3_r1_118,-150.252,0.714101604982555,1.478677910062726,1.9499141546126653,0.004855266772210598,0.13220542669296265,0.5240718615737117,1.7799159073059947,14.23412037994075,60,KFTDAELAQYRAEYDRYQDYRENWPEQMNNAAESGMPPPRPPKPAELAQLKQAADQADRL,-3,LLLHHHHHHHHHHHHHHHHHHHHHHHHHHHHHHLLLLLLLLLLHHHHHHHHHHHHHHHHL,HH,0.0,0.7666666666666667,0.2333333333333333,75.36341844533469,2.4326382254368597,0.7202960011395012,0.4502320594665496
197,sh3_r1_76,-272.216,0.6530152045294849,1.3668242461151543,1.8415681169787423,0.0,0.056683659553527825,0.6237349032232742,1.8098966224594315,13.566591332814347,88,FSPADQDQARDAMDRNQAAADQLLRNASQTGDEQQLQQAAALIAKALKARKEMGAPPPRPPKPEEISANQWANYMQLMQQAEQQYAAD,-3,LLHHHHHHHHHHHHHHHHHHHHHHHHHHHHLLHHHHHHHHHHHHHHHHHHHHHLLLLLLLLLHHHLLHHHHHHHHHHHHHHHHHHHHL,HHHH,0.0,0.8181818181818182,0.18181818181818185,77.5449478925655,1.6205455203302837,0.3923680279805989,0.6655344852783357
198,sh3_r1_71,-106.166,0.6904693310959525,1.4259639991516315,2.0095496346420627,2.455937817558152e-07,0.016832530498504642,0.8273544661046921,2.191740315336706,12.569087231808405,67,PHPPPRPPKPLPGQKTTVTRTQTADNEEVYTVEHPSGTQITIVRTPSGVETIQEQHGNKEETKTKAW,0,LLLLLLLLLLLLLLLLEEEEEELLLLLEEEEEELLLLLEELLLEELLLEEEEEEEELLEEEEEEEEL,EEEEEE,0.4776119402985074,0.0,0.5223880597014925,84.46870674837379,12.320566583842163,0.66121128765375,0.6838132673243384
199,sh3_r1_163,-196.978,0.692624774216003,1.3458353633543958,2.0753855293449424,4.48620121460408e-05,0.041813254356384284,1.0412984100088738,1.9120124103852043,13.55451011554308,85,RKGTAVVTQSPDGARTYTLKPNSGATETMTYSPANNVYTTTYTRPGKTKTESKARPANSPPPRPPKPSKNAEKKDGEVVATAEMS,7,LEEEEEEEELLLLLEEEEELELLLLEEEEEEELLLLEEEEEEEELLEEEEEEEELLLLLLLLLLLEELLLLEEELLEEEEEEELL,EEEEEEEEE,0.5764705882352941,0.0,0.4235294117647059,79.1452821175113,5.436704617463662,2.157623137656893,1.3383819254276021
