,name,loss_tot,loss_cce,loss_entropy,loss_rep,loss_rog,contig_rmsd,contig_sc_rmsd,rog,len,seq,net_charge,ss,topology,ss_strand_frac,ss_helix_frac,ss_loop_frac
0,sh3_r1_0,0.6459112202607051,1.3820840931600995,1.8274736168751806,1.2904285995318787e-07,0.019998133182525635,0.6173422121915297,1.9032133872081511,12.749414029486811,70,AAQEQQQRDRNQQQARAQLRQAIDTGQSWDAWRALMDQWAAARPGMPPPRPPKPGMSKEEQKQQADQLIK,3,LHHHHHHHHHHHHHHHHHHHHHHHLLLLHHHHHHHHHHHHHHLLLLLLLLLLLLLLLHHHHHHHHHHHHL,HHH,0.0,0.7,0.3
1,sh3_r1_1,0.6410314669714009,1.4286883087759767,1.7644946613363537,3.694009137689136e-05,0.011900484561920166,0.7731925522747983,2.023186210149774,11.915288646000766,66,NQAQDLKDRADKALKAAEANGSEDLKQWAKYLLQAAENQQQNPNQPPPRPPKPTKAMRDAMARAEQ,2,LHHHHHHHHHHHHHHHHHHHLLHHHHHHHHHHHHHHHHHHHLLLLLLLLLLLLLHHHHHHHHHHHL,HHH,0.0,0.7424242424242424,0.25757575757575757
2,sh3_r1_10,0.6877981064889005,1.5224217504814819,1.8982653409344277,4.703903186964453e-07,0.018302500247955322,0.5833090463331154,1.6251658868264824,12.676720332756798,76,FALDNLPPPRPPKPGEPPAMRQLYEEAMALSPEQRREANKALQDAWPQYKAAKKQGDKEEIQQLAQQAKQKARDLQ,2,LHHHHLLLLLLLLLLLLHHHHHHHHHHHLLLHHHHHHHHHHHHLLHHHHHHHHHLLLHHHHHHHHHHHHHHHHHLL,HHHHH,0.0,0.6973684210526315,0.3026315789473684
3,sh3_r1_100,0.6998947031786731,1.326735228989963,2.0548604459076136,0.0,0.11787784099578857,0.7773459088377084,1.428889199156444,14.368956504914932,70,KPTESQREQLEMKYKAEAADWAREAARRRANMAQGEEPAPPPRPPKPEKGVEWPPEARQAWMQAWQFAQQ,1,LLLHHHHHHHHHHHHHHHHHHHHHHHHHHHHHHLLLLLLLLLLLLLLLLLLLLLHHHHHHHHHHHHHHHL,HH,0.0,0.6428571428571429,0.35714285714285715
4,sh3_r1_101,0.6886020887606494,1.4062303853117757,2.02250198428433,1.708717263682047e-06,0.014274656772613525,0.5678716096509709,1.8271160932947403,12.268365362617237,78,LEQELRERAERARKGPPPRPPKPSGDPEQDMQWMREMALWMALWALARNPPLAKWALRAIANGNPFQALAAMMLAMAF,3,LHHHHHHHHHHHHHLLLLLLLLLLLLHHHHHHHHHHHHHHHHHHHHLLLHHHHHHHHHHHHLLLHHHHHHHHHHHHHL,HHHH,0.0,0.7435897435897436,0.2564102564102564
5,sh3_r1_102,0.6762958254790326,1.2844302824663896,2.0488484703113645,1.5823911780898925e-06,0.04819720983505249,0.646729571974995,1.60612416989066,13.508246409245057,69,PDEARNARARAKLQKYIAQQAEWAMRRAESPNEPPPRPPKPEDKEFADAWKAASPQQRKRQRQAAEQFL,5,LHHHHHHHHHHHHHHHHHHHHHHHHHHHHLLLLLLLLLLLLLLHHHHHHHHHLLHHHHHHHHHHHHHHL,HHH,0.0,0.7391304347826086,0.2608695652173913
6,sh3_r1_103,0.6988115809355909,1.431080324989226,2.028090199930369,6.276011532690973e-08,0.03488725423812866,0.6024524240013922,1.923529612540766,13.214806994910216,60,LDQWKNWAEARAERLPADQAEAYKKQMQQWAAQKKEALFSGNPQAANMPPPRPPKPKNAA,4,LHHHHHHHHHHHLLLLHHHHHHHHHHHHHHHHHHHHHHHLLLHHHHLLLLLLLLLLLLLL,HHH,0.0,0.6333333333333333,0.36666666666666664
7,sh3_r1_104,0.666687297541503,1.364700278888146,1.894565077845105,3.601705884648254e-07,0.07417041063308716,0.40738981311077344,1.9149262579249093,13.7043424195254,88,IQFWAWQAAEELQDKLQELAQQSNAPPPRPPKPGMPPQDQAANIREQASWYANANDPQLRDKAKDLKMLAQAYYMAAQFAKEKAEAKA,0,LHHHHHHHHHHHHHHHHHHHHHHLLLLLLLLLLLLLHHHHHHHHHHHHHHHHHLLLHHHHHHHHHHHHHHHHHHHHHHHHHHHHHHHL,HHH,0.0,0.7954545454545454,0.20454545454545456
8,sh3_r1_105,0.6669548642044232,1.379760144830302,1.9114783792081806,0.0002783974923659116,0.04297900199890137,0.45970593449133523,1.959780709459115,13.276584722878555,83,AQAILRLYRQAWKASGQPPPRPPKPTAKTQELMQDARTNPEAMKEYLKKLAKQLKDWAEEMRQMGNPPWAAAYQKALEAAEAL,5,LHHHHHHHHHHHHHHLLLLLLLLLLLHHHHHHHHHHLLLHHHHHHHHHHHHHHHHHHHHHHHHLLLHHHHHHHHHHHHHHHHL,HHHH,0.0,0.7710843373493976,0.2289156626506024
9,sh3_r1_106,0.6987113105851379,1.3786887738301798,2.0766062478254,0.0007285766187123954,0.036804378032684326,0.6478184297696588,1.9761749777418658,13.291771171086294,92,FQDQAAAEAFAMAAESNMPPPRPPKPKGNDPANAQQWEQLQALYLLLWALAWWAWRRNPAEANAAMSLMMELERLNERGDPEQARELLAELK,-4,LHHHHHHHHHHHHHHLLLLLLLLLLLLLLLHHHHHHHHHHHHHHHHHHHHHHHHHLLLHHHHHHHHHHHHHHHHHHHLLLHHHHHHHHHHHL,HHHH,0.0,0.75,0.25
10,sh3_r1_107,0.7076588805077093,1.4028696996608263,2.082632746123784,0.00042814199696294963,0.051935672760009766,0.6514725865623185,1.9157953335694484,13.598843622959354,74,NFMALAMARQAWAAADAMHRLAEEAKDSNDPAQARALYKQYKAAWAFYKAFAQLDPNAPPPPRPPKPGDPLFQA,2,LHHHHHHHHHHHHHHHHHHHHHHHHHHLLLHHHHHHHHHHHHHHHHHHHHHHLLLLLLLLLLLLLLLLLHHHHL,HHH,0.0,0.7027027027027027,0.2972972972972973
11,sh3_r1_108,0.6655354163403367,1.4266070340656571,1.8808592322732105,1.0196828270636615e-06,0.020208775997161865,0.3801120115130717,1.779877038578979,12.624460916484692,86,IFMAKQMAKNNPEQAFAFLQQRLRRLLQQGNKAQAEQLLDALWEFAKALNDWEQRRRLYDELRDAAANLGRPPPRPPKPEELAAAR,4,LHHHHHHHLLLHHHHHHHHHHHHHHHHHLLLHHHHHHHHHHHHHHHHHLLLHHHHHHHHHHHHHHHHHHLLLLLLLLLHHHHHHHL,HHHHH,0.0,0.7674418604651163,0.23255813953488372
12,sh3_r1_109,0.753665072902564,1.524794031141533,2.2128262921192103,0.0008325609378516674,0.02903991937637329,0.5062510214229222,1.9360305033039376,13.472020138683144,56,MRDDAEQYPPPRPPKPKGTLPKKNRPKLQKLYAKAKNAPPAERQDEWPAFMKAYQQ,7,LLLLLLLLLLLLLLLLLLLLLHHHHHHHHHHHHHHHHLLHHHHHHHHHHHHHHHHL,HH,0.0,0.5714285714285714,0.42857142857142855
13,sh3_r1_11,0.718088100237169,1.5020592883229256,2.0805470105876567,2.7131318347528577e-07,0.007833659648895264,0.6130546055652965,2.049540847364914,11.72171174449296,56,KLADFLPPPRPPKPNMPEAEAQAEAMLYAAYLLSPDRAQARAMAAQAKPQAAAALQ,1,LHHHHLLLLLLLLLLLLHHHHHHHHHHHHHHHHLLLHHHHHHHHHHHHHHHHHHHL,HHH,0.0,0.6964285714285714,0.30357142857142855
14,sh3_r1_110,0.6420774977100925,1.2250285328676305,1.9119236491337597,0.0,0.07343530654907227,0.2840694419508461,1.5691225754519715,13.929003334029757,95,NKALKKYLKDLADYIKQMAKNMAENPSMPPPRPPKPTAQNANAINNLSAEQRQALLNLLAQAMMAAMRLRNNPNDNQALKQLQRAAKDLKAFLED,7,LHHHHHHHHHHHHHHHHHHHHHHHLLLLLLLLLLLLLHHHHHHHHLLLHHHHHHHHHHHHHHHHHHHHHHHLLLLHHHHHHHHHHHHHHHHHHHL,HHHH,0.0,0.7684210526315789,0.23157894736842105
15,sh3_r1_111,0.6726647516383075,1.2701966765302197,2.0095945978786984,0.0025336004327982664,0.0784652829170227,0.36936634586103934,1.605976989387699,13.976913084999293,95,NRAQFFLQAFEAAANQLKAELNKQGIPPALLQQLEKEQKEQKAEMQRESSSADPQPHPPPRPPKPTKQMQNDPQAMQLYEELRADWREAWMAAWM,-1,LHHHHHHHHHHHHHHHHHHHHHHLLLLLLHHHHHHHHHHHHHHHHHHHHHHLLLLLLLLLLLLLLLHHHHHLHHHHHHHHHHHHHHHHHHHHHHL,HHHH,0.0,0.7473684210526316,0.25263157894736843
16,sh3_r1_112,0.62628770477058,1.4164164960384367,1.7059952318406957,1.3428449108232599e-07,0.009026527404785156,0.4389559473207801,1.8264891879974858,11.803300461200019,70,NDQAQRRAQFKELMRDAVEAIKSGTKTAEFLYQEAWALANELGMPPPRPPKPGATPEEQAQQLESWAEDF,-4,LHHHHHHHHHHHHHHHHHHHHHHLLHHHHHHHHHHHHHHHHLLLLLLLLLLLLLLHHHHHHHHHHHHHHL,HHH,0.0,0.7428571428571429,0.2571428571428571
17,sh3_r1_113,0.6650329836502343,1.3469811572382848,1.8579759519246444,6.07310539635364e-07,0.12020659446716309,0.4127950365204295,1.4319961249337188,14.229287945538948,83,EPSEEQQQQIDANYQAQKRQLKARARAQLANGQMSPADAQQTLRQQWNAKWQQQQAQAQAAGMPPPRPPKPNEIQNAAQDLQM,2,LLLHHHHHHHHHHHHHHHHHHHHHHHHHHHLLLLLHHHHHHHHHHHHHHHHHHHHHHHHHLLLLLLLLLLHHHHHHHHHHHHL,HHH,0.0,0.7710843373493976,0.2289156626506024
18,sh3_r1_114,0.6740279809362912,1.2920856425469671,2.017058028827111,1.3946932085673325e-05,0.06096833944320679,0.6414942390457,1.4836773507124228,13.64947960409248,68,PDQFRFFALQAWAAYAQFWAAYMRESGAPPPRPPKPEMDEPQLAKELAEWAAQARAMKAKAKQKRQAQ,4,LHHHHHHHHHHHHHHHHHHHHHHHHHLLLLLLLLLLLLLHHHHHHHHHHHHHHHHHHHHHHHHHHHHL,HH,0.0,0.7794117647058824,0.22058823529411764
19,sh3_r1_115,0.6353436610849252,1.3326423902202535,1.8218466661850259,3.6928747704223497e-06,0.022221863269805908,0.32446749245532086,1.6768477275727904,12.839885284382618,80,AAEARAKRRKRLQRLRADADKAAANPTDEAFQLWQELWELWKENAPPGMPPPRPPKPGASAAEQAEQIKQMANEIQAWAR,3,LHHHHHHHHHHHHHHHHHHHHHHHLLLHHHHHHHHHHHHHHHHHLLLLLLLLLLLLLLLLHHHHHHHHHHHHHHHHHHHL,HHH,0.0,0.7375,0.2625
20,sh3_r1_116,0.6793750541728628,1.4514008322385725,1.9167704580267935,7.390625978587195e-05,0.02855616807937622,0.4831715010248969,1.8327340410308368,12.967260759244725,87,ESLRERLANMPPPRPPKPNMDPEMRQAEAQIYKALQRARQLARNGASPEQLARLLRQAANQARRLRKRSGNGTAAAAWAKQLEDRAR,11,LLHHHHHHHLLLLLLLLLLLLHHHHHHHHHHHHHHHHHHHHHHLLLLHHHHHHHHHHHHHHHHHHHHHHLLLHHHHHHHHHHHHHHL,HHHH,0.0,0.7471264367816092,0.25287356321839083
21,sh3_r1_117,0.7158574192768676,1.4654010836448934,2.034583354136034,2.431371103739366e-05,0.07925403118133545,1.0716446806835844,1.901549660749322,14.045781414833597,90,DAEAAAAEYLQKMKDRLRQYADEAEENYQNGNPNNASALQSQAKEMARQARDWINQYNNSNQWPPPPRPPKPTGNDNPEQAREAAQELDA,-5,LHHHHHHHHHHHHHHHHHHHHHHHHHHHHLLLHHHHHHHHHHHHHHHHHHHHHHHHHHHHLLLLLLLLLLLLLLLLLHHHHHHHHHHHHL,HHH,0.0,0.7555555555555555,0.24444444444444444
22,sh3_r1_118,0.714101604982555,1.4786779100627259,1.9499141546126655,0.004855266772210598,0.13220542669296265,0.5240718615737117,1.7799159073059947,14.23412037994075,60,KFTDAELAQYRAEYDRYQDYRENWPEQMNNAAESGMPPPRPPKPAELAQLKQAADQADRL,-3,LLLHHHHHHHHHHHHHHHHHHHHHHHHHHHHHHLLLLLLLLLLHHHHHHHHHHHHHHHHL,HH,0.0,0.7666666666666667,0.23333333333333334
23,sh3_r1_119,0.7033769111869805,1.3459285352103136,2.092190978714825,0.00029310950776562095,0.07817882299423218,0.4140645378161588,1.8079823673629158,14.148699281923157,74,NRQNAENRPPPRPPKPSPGQPEPNPEKLDEARQAYRDLYRRAAEASPAEASNAWRMAEQEYEMKYRRARRKFQQ,5,LHHHHHLLLLLLLLLLLLLLLLLLHHHHHHHHHHHHHHHHHHHLLLHHHHHHHHHHHHHHHHHHHHHHHHHHHL,HHH,0.0,0.6891891891891891,0.3108108108108108
24,sh3_r1_12,0.6989345428943423,1.4273647559737717,2.0391510181383175,0.0029405674431473017,0.022275805473327637,0.5707905546910248,2.113841412268434,12.71666932383525,93,DAEKDAAEELAFQIQQALQQRLQMLSEAQAAALLAAAQALKMMAKFAAQHGQYKEIEQMAQALSNPGMPPPRPPKPGSGNPWLYAAWQALWAF,-1,LHHHHHHHHHHHHHHHHHHHHHHHLLHHHHHHHHHHHHHHHHHHHHHHHHLLHHHHHHHHHHHLLLLLLLLLLLLLLLLLHHHHHHHHHHHLL,HHHH,0.0,0.7419354838709677,0.25806451612903225
25,sh3_r1_120,0.7146397933637609,1.3485420965762052,2.0796996258463896,0.051555246114730835,0.04184675216674805,0.42808400477503206,1.7400778390599818,13.438004801059861,96,NQMRNWKDDIQEWMEQAKQNPNEPKPPPRPPKPSANKSPEQKFEWFAMAALWMALWMAMKNGDYDAAWDMISLLKQSSNPEARIALIEQFRRKAAN,2,LHHHHHHHHHHHHHHHHHHLLLLLLLLLLLLLLLLLLLHHHHHHHHHHHHHHHHHHHHHHLLLHHHHHHHHHHHHHLLLHHHHHHHHHHHHHHHHL,HHHH,0.0,0.71875,0.28125
26,sh3_r1_121,0.6857240416045198,1.399293292934696,1.9875834301259188,7.342696051182429e-08,0.041743338108062744,0.38779652903167794,2.063347759908786,13.491447088277543,75,MMPPPRPPKPVKAKATDPASGKKAKAKAYEDPDGQYRAKAKLPNGKKYEYWVDDPTKSPAEAIEEAYQEAKQQKQ,5,LLLLLLLLEEEEEEEELLLLLLEEEEEEEELLLLLEEEEEELLLLLEEEEEELLLLLLHHHHHHHHHHHHHHHHL,EEEEH,0.37333333333333335,0.21333333333333335,0.41333333333333333
27,sh3_r1_122,0.6673357091616418,1.4660803144452748,1.856596205667998,6.449250940931961e-05,0.013873040676116943,0.6196102549332031,2.3211467170121183,12.1880689906849,69,IKYALEYAKAYQDGGPPPRPPKPGSSNPQQIQAYAQIRRLRQMPEPEAKQRLKQLIADAEAMEQEQKMA,3,LHHHHHHHHHHHHLLLLLLLLLLLLLLHHHHHHHHHHHHHHHLLHHHHHHHHHHHHHHHHHHHHHHHHL,HHH,0.0,0.7391304347826086,0.2608695652173913
28,sh3_r1_123,0.6907095343920068,1.3737293442504275,2.0463567353907344,3.4380566376057686e-06,0.033454716205596924,0.6155140445742409,2.127285194188115,12.954504696419649,72,QALDELEQSTDPEERWKMLDAKADRLNDQNMSWPQWRALYQQAWAKAKEKSPNPPPPPRPPKPTPQTKQQMM,1,LHHHHHHHLLLHHHHHHHHHHHHHHHHHLLLLHHHHHHHHHHHHHHHHHLLLLLLLLLLLLLLLHHHHHHHL,HHHH,0.0,0.6666666666666666,0.3333333333333333
29,sh3_r1_124,0.6553601368001412,1.3415000360735037,1.9203805953228632,2.203740905315499e-06,0.014915645122528076,0.6938026934395608,2.125747391628428,12.3290974009032,64,QKALALLQNSPSDDEKDYLKQALEYARDQQQAKNNPNRPPPRPPKPSPNPQKRKLWAELMDLAF,3,LHHHHHHHLLLLHHHHHHHHHHHHHHHHHHHHHHLLLLLLLLLLLLLLLHHHHHHHHHHHHHHL,HHH,0.0,0.671875,0.328125
30,sh3_r1_125,0.6909746663520919,1.381634267805903,2.038058890416746,6.6887449065689e-05,0.035046398639678955,0.676309147776227,1.9256573104997543,13.221348362144546,64,PEEWDNMKQEPRQAARKALEDPNMPPPRPPKPSGENPAQMALAADYKDWMQKAQQLRKERQADE,-1,LHHHHHHHHHHHHHHHHHHHLLLLLLLLLLLLLLLLHHHHHHHHHHHHHHHHHHHHHHHHHHHL,HH,0.0,0.71875,0.28125
31,sh3_r1_126,0.688790660200473,1.3187214267198688,1.9902729334333222,0.00021372144692577422,0.13453149795532227,0.6142072186055182,1.7725525980212606,14.556338223661001,60,AKSPEQQQFQLLQQAKKYARQYKDWMQNQADNEQMGQPPPRPPKPKTPQQQQAIQKYLEL,4,LLLHHHHHHHHHHHHHHHHHHHHHHHHHHHHHHHLLLLLLLLLLLLLHHHHHHHHHHHHL,HH,0.0,0.7166666666666667,0.2833333333333333
32,sh3_r1_127,0.6628298382172276,1.33385125623533,1.9413844684068073,4.062604830323835e-07,0.03891265392303467,0.4274584883302789,1.7403519085004553,13.255681939590133,67,AQAALNQARKEYMAARALYRNANPNQPPPRPPKPKKSDDPADQQEWAQQAKAYARKAKKDAFMRKQA,9,LHHHHHHHHHHHHHHHHHHHHHLLLLLLLLLLLLLLLLLHHHHHHHHHHHHHHHHHHHHHHHHHHHL,HH,0.0,0.7164179104477612,0.2835820895522388
33,sh3_r1_128,0.6570906099284801,1.1948805177515303,1.9444899813707928,0.0016369075747206807,0.142808735370636,0.3582281533375091,1.7436084177687068,14.577210513762966,74,KQQANAANAESQLQEARKWARQAKNQMKRAKQTNQKPPPPPRPPKPTPNQSPAQRNQIMAAYNEAMQEARAEWA,8,LHHHHHHHHHHHHHHHHHHHHHHHHHHHHHHHLLLLLLLLLLLLLLLLLLLHHHHHHHHHHHHHHHHHHHHHHL,HH,0.0,0.7162162162162162,0.28378378378378377
34,sh3_r1_129,0.6177880323037374,1.30316064444681,1.768895159328611,2.24020482164633e-07,0.016883909702301025,0.5035015609383625,1.920755800013439,12.316024472606559,80,NQEFAAAADELAKLADKAQQAINNGASAEQIRALQADYWAIMQQADRQMGRPPPRPPKPGMTPQEQEEQLQQMKQEIKNA,-2,LHHHHHHHHHHHHHHHHHHHHHHLLLLLLHHHHHHHHHHHHHHHHHHHHLLLLLLLLLLLLLHHHHHHHHHHHHHHHHLL,HHH,0.0,0.725,0.275
35,sh3_r1_13,0.678787736914582,1.3926897641547302,1.9700870020642065,3.642892806965392e-06,0.031154632568359375,0.5630826107404251,1.9060923225739768,13.178920397176814,92,NMQNRMQAMRLKELLRQLLRLMRSNQDPSQMEKLAKNAARMARNNPPAANNARQAAQNLAEESPAAYRIAMALNQANPNMPPPRPPKPKPSD,9,LHHHHHHHHHHHHHHHHHHHHHHLLLLHHHHHHHHHHHHHHHHHLHHHHHHHHHHHHHHHLLLHHHHHHHHHHHHHLLLLLLLLLLLLLLLL,HHHH,0.0,0.7282608695652174,0.2717391304347826
36,sh3_r1_130,0.6922204610839026,1.4334331095494606,2.020214854079617,2.8613279937417246e-05,0.007397115230560303,0.47327068126278765,1.3621258793390507,11.786555488052764,67,SESKQWQNGITMKYSKSSNGITLEITLPGGETITPPANAPPPRPPKPGSSVTPAEMAKQIRNEAKNW,3,LEEEELHHHLEEEEEEELLEEEEEEELLLLLEELLLLLLLLLLLLLLLLLLLHHHHHHHHHHHHHHL,EHEEEH,0.29850746268656714,0.2537313432835821,0.44776119402985076
37,sh3_r1_131,0.685247442873426,1.3461755539670035,2.0502052453381836,1.9444465237938857e-07,0.02985602617263794,0.6451834227240009,1.8132525486915707,13.037246892659537,60,KYQQFMQEYQQLYDSPDFTPDEWAAAWAQYQADAKKKRKESPNAPPPPRPPKPSKAQRAA,3,LHHHHHHHHHHHHHLLLLLHHHHHHHHHHHHHHHHHHHHHLLLLLLLLLLLLLLHHHHHL,HHH,0.0,0.65,0.35
38,sh3_r1_132,0.7513834021747651,1.4869695468633264,2.1394443844057482,8.921480002754834e-06,0.13048523664474487,0.39941028861110417,1.2309592490382577,14.511058247236479,85,WWDLRKFLSNNALPPPRPPKPEAASPPEMKEQAKDDAQRWLQEYAARAEQRAQQNNDPAQAAKRADLARAYWQAWLQMWAQWFDD,0,LHHHHHHHHHLLLLLLLLLLLLLLLHHHHHHHHHHHHHHHHHHHHHHHHHHHHHLLLHHHHHHHHHHHHHHHHHHHHHHHHHHHL,HHH,0.0,0.7647058823529411,0.23529411764705882
39,sh3_r1_133,0.6632945609020412,1.370829836430925,1.9030147919472964,0.0001474654272897169,0.042333245277404785,0.5457624189922224,1.7204981496514156,13.323988537379956,87,QAAEALLQRAENQKRAIEKNPSPAARNNLRRNADNLQANAETNNTPEAMAAYMKKMRLYERAQAAMGDPRPPPRPPKPTSQQLAAAA,6,LHHHHHHHHHHHHHHHHHHLLLHHHHHHHHHHHHHHHHHHHHLLLHHHHHHHHHHHHHHHHHHHHHLLLLLLLLLLLLLHHHHHHHL,HHHH,0.0,0.7586206896551724,0.2413793103448276
40,sh3_r1_134,0.6770500526337039,1.3863666263167504,1.9778050439553674,8.674263654029346e-07,0.021076858043670654,0.5468828970286908,2.288241268316473,12.758360290060681,79,DLFNQLKDAIDQNNYAELKKAAEQAWDFYQAKAMASNQPPPPPPRPPKPGMSPQERKEQLAEAASNPYQAPWAIELLAP,-2,LHHHHHHHHHHLLLHHHHHHHHHHHHHHHHHHHHHLLLLLLLLLLLLLLLLLHHHHHHHHHHHHLLHHHHHHHHHHLLL,HHHH,0.0,0.6708860759493671,0.3291139240506329
41,sh3_r1_135,0.7129931914731813,1.3655989085220628,2.172941407057071,0.00015356243238784373,0.02611851692199707,0.6251499015385718,1.4652768594542978,13.232837402788439,92,WTIYAKDSDNPTAEDRQAAKEQAQDNIEAMQERAQAGPNAPPPRPPKPPANKQPKKPKKDNDGAEIEEYNDYVVIESNGDPQAAEKAADAFK,-5,LEEEEELLLLLLHHHHHHHHHHHHHHHHHHHHHHHHLLLLLLLLLLLLLLLLLELLLEELLLLLEEEEELLEEEEELLLLHHHHHHHHHHHL,EHEEEEH,0.1956521739130435,0.3804347826086957,0.42391304347826086
42,sh3_r1_136,0.6974215287818798,1.3973722356475062,2.0624845597041506,3.979719986091368e-05,0.02717125415802002,0.6864085557408544,1.4909111932555605,12.769684842133126,78,FKEEDAYKLIQRAYAQAAARRKAQGMPPPRPPKPGQKIKAKLTKFPNPNSGKPMLVVVAVSPSGQVAMQYPISLEDAK,9,LLHHHHHHHHHHHHHHHHHHHHHLLLLLLLLLLLLLLLEEEEEEEELLLLLLEEEEEEEELLLLLEEEEEEEELLLLL,HEEE,0.3076923076923077,0.2692307692307692,0.4230769230769231
43,sh3_r1_137,0.7586149709675577,1.6030818327433534,2.1769560597141515,1.2723619875032455e-05,0.013011515140533447,0.6084438783872879,2.4762063246067263,11.651898384269332,55,YAIWAMRAKQSGLPPPRPPKPEDLAMLKPMLRALLEALIASGDPPLAAALQEYLQ,1,LHHHHHHHHHHLLLLLLLLLHHHHHHHHHHHHHHHHHHHHLLLHHHHHHHHHHHL,HHH,0.0,0.7454545454545455,0.2545454545454545
44,sh3_r1_138,0.6394584086328297,1.316569546720496,1.8352232025393527,4.911923383588146e-07,0.0454983115196228,0.3817258967159723,1.6757270065564642,13.324014220254565,91,QKQKQKAQLTQQMQSQLDQMTRAIEQNDPERLQQMLDSINRNINQANPNMPPPRPPKPEYIEQAETNPAQAKNELRRHINEQIKDIEKALS,1,LHHHHHHHHHHHHHHHHHHHHHHHHLLLHHHHHHHHHHHHHHHHHHLLLLLLLLLLLHHHHHHHHHLHHHHHHHHHHHHHHHHHHHHHHHL,HHHH,0.0,0.8131868131868132,0.18681318681318682
45,sh3_r1_139,0.6467225000943367,1.3109594653188077,1.901545474314303,0.0006721051759086549,0.01976335048675537,0.44410545986748806,1.7889118871686378,12.506202683042341,60,FKLQARAKRYKREALRQINSGAPPPRPPKPSAGDPADIMEWQLYMQAWNDLEQEREQARQ,3,LHHHHHHHHHHHHHHHHHHLLLLLLLLLLLLLLLHHHHHHHHHHHHHHHHHHHHHHHHHL,HH,0.0,0.7166666666666667,0.2833333333333333
46,sh3_r1_14,0.720636010492724,1.4600217241655895,2.0559018170985457,2.7822852644021623e-07,0.08725595474243164,0.27142838471816305,1.416254327263249,14.199009765649816,91,SDEAEARSKAKKAAQAAAKQYQQRAQQAQKNGNPADWREAMMDAWAKLNMAREKARQQANGDFQPYPPPRPPKPGQNKSPKQMAKQLAFEF,8,LHHHHHHHHHHHHHHHHHHHHHHHHHHHHHLLLHHHHHHHHHHHHHHHHHHHHHHHHHHHLLLLLLLLLLLLLLLLLLLHHHHHHHHHHHL,HHH,0.0,0.7362637362637363,0.26373626373626374
47,sh3_r1_140,0.6993543480562363,1.396369677312948,2.0723130397730265,0.004074114840477705,0.01994079351425171,0.8981025334644391,2.112445859500135,12.64738434684941,78,FYEITITANKNTAKAARKRMQAEQKEMQQMGPTAKVEPTKEGNNVKYTITFNRSQNPNAPPPRPPKPDNDGQEMKVKP,6,LEEEEEEEELLHHHHHHHHHHHHHHHHHHLLLEEEEEEEEELLEEEEEEEEEHHHLLLLLLLLLLLLLLLLLEEEEEL,EHEEHE,0.3974358974358974,0.2692307692307692,0.3333333333333333
48,sh3_r1_141,0.7435620434582433,1.3582041548496044,2.191201913872687,1.4238308949643397e-06,0.168401300907135,0.35602866248066173,1.922743554342779,14.704401895642757,78,KQRNQRKQAEQYKKEMRQWLADALKELQDDAKHNQPRPPPRPPKPSANMRQNPNSDWWKAAFNDWFQAFDQSRQWLWW,6,LHHHHHHHHHHHHHHHHHHHHHHHHHHHHHHHHLLLLLLLLLLLLLHHHHHLLLLHHHHHHHHHHHHHHHHHHHHHHL,HHH,0.0,0.7564102564102564,0.24358974358974358
49,sh3_r1_142,0.6494108748595429,1.3660777285005206,1.8669058452043035,0.00012388410686980933,0.01382303237915039,0.5649911891432068,1.8325098105455038,12.157765393566317,87,FIQQEANEALERAKSLSPTDEAAREAKAKLDRLEANAMAWNQNSGQPPPRPPKPEESPEQAAQQADNAIQMGNPYYALKLLEWYYDA,-5,LHHHHHHHHHHHHHHLLLLLHHHHHHHHHHHHHHHHHHHHHHHHLLLLLLLLLLLLLHHHHHHHHHHHHHLLLHHHHHHHHHHHHHL,HHHH,0.0,0.735632183908046,0.26436781609195403
50,sh3_r1_143,0.7053592253135464,1.4886324129722737,1.990300348558157,1.3117110029270407e-06,0.04786074161529541,0.4229144768916297,1.7960378818464455,13.424316774057369,100,PTPSNAPPPRPPKPAEIKMAEELLAKTSNISKAEWAAFTKALENGNPDRLIQLLKNLKSKLQRLPEAAQSELQRILSQLAQMILWKTGKPQAAQKALKAL,8,LLLLLLLLLLLLLHHHHHHHHHHHHHHHLLLHHHHHHHHHHHHHLLHHHHHHHHHHHHHHHHHLLHHHHHHHHHHHHHHHHHHHHHHLLHHHHHHHHHLL,HHHHH,0.0,0.76,0.24
51,sh3_r1_144,0.7006756546773938,1.3244796297340482,2.081253882448201,0.02766606956720352,0.0423126220703125,0.5299388376700924,1.4403746570863258,13.403524561864904,63,KKKQLKKRAEAYAQMDPNSPPPRPPKPSEITGDPDQAQQKYQKLQRLYVQARNKNQQRRVKDM,10,LHHHHHHHHHHHHHLLLLLLLLLLLLHHHHLLLHHHHHHHHHHHHHHHHHHHHHHHHHHHHHL,HHH,0.0,0.7301587301587301,0.2698412698412698
52,sh3_r1_145,0.6465470826474949,1.2760218448109097,1.9117664381447665,1.8737116988631897e-05,0.044909656047821045,0.4390759722671929,1.5211475042585187,13.488982419661248,91,AAEARLRALYRQAYAEYKEAWANFRAKHPNDPAANAPPPRPPKPGSKNPQEQLKEWADQMNQMAAKSNNPQWAAQAAKALRLAERALAALE,5,LHHHHHHHHHHHHHHHHHHHHHHHHLLLLLLLLLLLLLLLLLLLLLLLHHHHHHHHHHHHHHHHHHHLLHHHHHHHHHHHHHHHHHHHHHL,HHH,0.0,0.7032967032967034,0.2967032967032967
53,sh3_r1_146,0.6544947208274646,1.3945291705291578,1.8602376706088692,0.0021518226712942123,0.013403117656707764,0.5106790200947599,1.8909227807077769,12.251872847132288,64,WPDWMQRIRQARQAKASGNEAAFQQLLRQLANLPPPRPPKPGMPPQERAQWEADMDLYDDARRL,2,LHHHHHHHHHHHHHHHLLLHHHHHHHHHHHHHLLLLLLLLLLLLHHHHHHHHHHHHHHHHHHHL,HHH,0.0,0.734375,0.265625
54,sh3_r1_147,0.6872926381162936,1.3281560514674142,2.088814537836747,5.5449665524065495e-05,0.019381701946258545,0.37305278388724084,1.792063463642159,12.678288494314362,63,IDEAREWMQEISEQSGQPPPRPPKPDPNDNDPQAMEANLQEWYQQILQRAEEKGIKPPDKPKA,-5,LHHHHHHHHHHHHHHLLLLLLLLLLLLLLLLHHHHHHHHHHHHHHHHHHHHHLLLLLLLLLLL,HH,0.0,0.5555555555555556,0.4444444444444444
55,sh3_r1_148,0.6234005901534532,1.2448903409143288,1.8400986363641352,6.998300250415923e-08,0.03201383352279663,0.48073472819612256,1.9230306948392821,12.975361113032788,76,DAEKKKLEKQLNDKPPAQLAAQLQNKYAQLMAELGQPPPRPPKPTKGQSPEEIQRDYAKYLLEALEDASAKKKNAR,4,LHHHHHHHHHHHHLLHHHHHHHHHHHHHHHHHHHLLLLLLLLLLLLLLLHHHHHHHHHHHHHHHHHHHHHHHHHHL,HHH,0.0,0.75,0.25
56,sh3_r1_149,0.6772929362548972,1.4103483213456691,1.9494211124602925,9.922175195242744e-06,0.026675403118133545,0.559268357360712,1.4687177577663124,13.053117772238402,64,NYRAKATAQNNAYKAEASTYAQENASSPEDRQEAQEYLAQYAQQAKQLNTPEDANLPPPRPPKP,-1,LHHHHHHHHHHHHHHHHHHHHHHLLLLHHHHHHHHHHHHHHHHHHHHHHLHHHHLLLLLLLLLL,HHH,0.0,0.75,0.25
57,sh3_r1_15,0.6596665310923889,1.3376655428221933,1.9113046114834131,2.1858274976693792e-06,0.04935812950134277,0.6123623982055557,1.3716994269456784,13.343806365622493,85,LARLRRQLKEAKNQIKAAHNDPGAPPPRPPKPDPGQPPEMQAKQMAAYMAIWQAARTGDRPRAKAALKEAKQKLEKAANDQKKNM,11,LHHHHHHHHHHHHHHHHHHHLLLLLLLLLLLLLLLLLHHHHHHHHHHHHHHHHHHHLLLHHHHHHHHHHHHHHHHHHHHHHHHHL,HHH,0.0,0.7411764705882353,0.25882352941176473
58,sh3_r1_150,0.6888922595094923,1.3337391832912409,2.0599824394186337,1.2661373602895765e-06,0.05073714256286621,0.5270611279828509,1.5239190736220491,13.857454397569724,68,LEDLDNQPPPRPPKPAKNDQENPDPAQKKKWEEWMAQWQDYREARQKNPEQAAAARADFDQENQQAER,-4,LHHHHLLLLLLLLLLLHHHHHLLLHHHHHHHHHHHHHHHHHHHHHHHLHHHHHHHHHHHHHHHHHHHL,HHHH,0.0,0.75,0.25
59,sh3_r1_151,0.7293217368073619,1.3584873199600864,2.260778567751039,0.0,0.027342796325683594,0.36269978668162733,1.3400747548318364,13.156937959880905,84,FATLTVEDKNGNAFEAKNLSPEDAEQIAQLASSSNAAQALQLAQQAYAEDAARRAAENPNMPPPRPPKPSNDNKSEAQPTIKFS,-3,LEEEEEELLLLLEEEEEEELHHHHHHHHHHHHHLLHHHHHHHHHHHHHHHHHHHHHHLLLLLLLLLLLLLLLLLLLLEEEEEEL,EEHHE,0.2261904761904762,0.4166666666666667,0.35714285714285715
60,sh3_r1_152,0.6829996243822999,1.442396413810827,1.9325189626138017,0.00019698974210768938,0.03968876600265503,0.8330343535756253,1.8101812914426194,13.282049552746344,90,SMRDFALAALNAPPPRPPKPGQNIPPEEWAQEAMAYAQMLIFALMSAGDEELLDRAKQRLARWAEWAKKYGSPDAMQRLQQAYQWARAAA,1,LHHHHHHHHHHLLLLLLLLLLLLLLHHHHHHHHHHHHHHHHHHHHLLLLHHHHHHHHHHHHHHHHHHHHHLLHHHHHHHHHHHHHHHHHL,HHHH,0.0,0.7555555555555555,0.24444444444444444
61,sh3_r1_153,0.6880986814962577,1.3378891233630754,2.0166151320369026,0.0005239122547209263,0.0849413275718689,0.5769767229482206,1.6444989527773757,14.171998700909379,70,NANAQAAKAEAQQYQAQWENIPKPNTAADQQQWAADYQKKYAKYLQLWDRYAAFNGLPPPRPPKPDKEAK,3,LHHHHHHHHHHHHHHHHHHLLLLLLLHHHHHHHHHHHHHHHHHHHHHHHHHHHHHLLLLLLLLLLLLLLL,HH,0.0,0.6714285714285714,0.32857142857142857
62,sh3_r1_154,0.7204925571554539,1.4587872077331498,2.121815532710523,2.1568010197370313e-05,0.021816909313201904,0.3978625407046141,1.8132922960631384,12.946036078096526,61,DAAMRQFAFNYPPPRPPKPGDNNVAEAAEEYLQQAEAYAELYPPRALMLLKWAERLQQQAQ,-2,LHHHHHHHHHLLLLLLLLLLLLLHHHHHHHHHHHHHHHHLLLHHHHHHHHHHHHHHHHHHL,HHH,0.0,0.7049180327868853,0.29508196721311475
63,sh3_r1_155,0.6644858070589085,1.3449798322938105,1.911994696429475,3.6939738379260234e-07,0.06545376777648926,0.5177943754085758,1.671629556014551,13.766390665885888,92,AKARAEAKQKADQLYKQAEANAEEMKQNQQSNQPWDQQEWEQWRQKWQQLSQANNALFGMPPPRPPKPGQNPPSAQEMKDQAREAKNYINMY,2,LHHHHHHHHHHHHHHHHHHHHHHHHHHHHHLLLLLLHHHHHHHHHHHHHHHHHHHHHHLLLLLLLLLLLLLLLLHHHHHHHHHHHHHHHHHL,HHH,0.0,0.7391304347826086,0.2608695652173913
64,sh3_r1_156,0.637102132021176,1.3132892895351957,1.8545414882923401,1.4067840083953342e-06,0.01767706871032715,0.42732301537917455,1.8847309590636177,12.397023863017097,69,KAKDALRKLSAEEAYQFAEALWKMARDMWKEANPNMPPPRPPKPNATPAEALEQAELALQWWFQAAAMA,0,LHHHHHHLLLHHHHHHHHHHHHHHHHHHHHHHLLLLLLLLLLLLLLLHHHHHHHHHHHHHHHHHHHHHL,HHH,0.0,0.7101449275362319,0.2898550724637681
65,sh3_r1_157,0.6690648517784934,1.3506762362602684,1.962602776271986,7.987617209437303e-06,0.03202927112579346,0.6218576890117683,2.0782871720252323,12.880342086816245,56,LKQMAKQMLEQIKSKLPPEQRAQAQQYLDDLEDWAADAAEARKDNMPPPRPPKPKF,1,LHHHHHHHHHHHHHHLLHHHHHHHHHHHHHHHHHHHHHHHHHHLLLLLLLLLLLLL,HH,0.0,0.7142857142857143,0.2857142857142857
66,sh3_r1_158,0.6694427922134147,1.4556947358780437,1.867700757877345,3.9509200178144965e-06,0.02381056547164917,0.7389375759894925,2.10964561491322,12.74815170378374,95,NAQLRKLLWLYNQAQNLYENGNWPQALALAKEFAAKLPSPPERARLKQAIQAAKNSPNKEARASRFWKKLWALLQEALMQLGEKPPPPPRPPKPN,10,LHHHHHHHHHHHHHHHHHHLLLHHHHHHHHHHHHHHLLLHHHHHHHHHHHHHHHHLLLHHHHHHHHHHHHHHHHHHHHHLLLLLLLLLLLLLLLL,HHHH,0.0,0.7263157894736842,0.2736842105263158
67,sh3_r1_159,0.7146288587675363,1.4290365584332634,2.1084868583508296,0.0037959858309477568,0.028028905391693115,0.5809792096156853,2.012769739944791,13.32674920541928,71,DQEQEAEYAKDKQKWKALWEQARDNAKDNQTATWVDPNGKTEQATPAQAANMPPPRPPKPGSNKKPTFKYS,2,LHHHHHHHHHHHHHHHHHHHHHHHHHHHLLLEEEELLLLLEEEELHHHHHHLLLLLLLLLLLLLLLEEEEL,HEEHE,0.16901408450704225,0.4647887323943662,0.36619718309859156
68,sh3_r1_16,0.6713802256580319,1.416700505203119,1.9146961657015176,8.282220278488239e-07,0.025502800941467285,0.3229879483064123,1.8196430360663602,12.911975641644878,73,DQDKARKQARQKAKALRAEAAALGNPEMIRWLDNAPPEQRAEHASEAKSLLKLQAQNPGQPLPPPRPPKPNKN,6,LHHHHHHHHHHHHHHHHHHHHHLLLHHHHHHHHLLLHHHHHHHHHHHHHHHHHHHHLLLLLLLLLLLLLLLLL,HHH,0.0,0.6712328767123288,0.3287671232876712
69,sh3_r1_160,0.6825479507676702,1.4361821164687476,1.9361055534967244,1.0590219062578399e-05,0.04043090343475342,0.9745895647664286,1.784069508406373,13.109560600206871,100,ALQDLRQKIEEAKNSGDPPQLARAAYDLIMAIQRQKAAQNGMPPPRPPKPNMSPPAIEQLYNAAKELIEAKNNPDNYKQALQRARANWQRAEDQADADFF,1,LHHHHHHHHHHHHHHLLHHHHHHHHHHHHHHHHHHHHHHHLLLLLLLLLLLLLHHHHHHHHHHHHHHHHHHHLHHHHHHHHHHHHHHHHHHHHHHHHHHL,HHHH,0.0,0.82,0.18
70,sh3_r1_161,0.8585542193346317,1.5453086756169796,2.6922102424731467,4.402832928462885e-06,0.05524337291717529,0.6326461569892771,1.6775384543918395,14.56975735253665,99,WKVRKLKNGKWFATFPTDNGHRIQIKIKKWSAETNQEPPNDVPNLKNPPELDPQTQNPDGGPPPRPPKPIPPGMKAATIVVVAVHNGEPAFRWPLAAKQ,7,LEEEEEELLEEEEEEELLLLLEEEEEEEEEELLLLLLLLLLLLLLLLLLLLLLLLLLLLLLLLLLLLLLLLLLLEEEEEEEEEEELLEEEEEEEEEEEL,EEEEE,0.45454545454545453,0.0,0.5454545454545454
71,sh3_r1_162,0.7120647240901437,1.4368616431537602,2.0845335521899835,6.436276294152776e-07,0.03892713785171509,0.5810520224271435,2.219300850856355,13.385797206942138,98,AWYRRILNNLLKALMQLDNIPWWAKAALESNDEAAKWKFKALAKNASPEQKALAQLLYYLAQRARYAQMPPNQPPPRPPKPSKNQKKLLARLKAFIAA,13,LHHHHHHHHHHHHHHHHLLLLHHHHHHHHHLLHHHHHHHHHHHLLLLHHHHHHHHHHHHHHHHHHHHHLLLLLLLLLLLLLLHHHHHHHHHHHHHHHL,HHHHH,0.0,0.7346938775510204,0.2653061224489796
72,sh3_r1_163,0.692624774216003,1.3458353633543958,2.0753855293449424,4.48620121460408e-05,0.04181325435638428,1.0412984100088738,1.9120124103852045,13.55451011554308,85,RKGTAVVTQSPDGARTYTLKPNSGATETMTYSPANNVYTTTYTRPGKTKTESKARPANSPPPRPPKPSKNAEKKDGEVVATAEMS,7,LEEEEEEEELLLLLEEEEELELLLLEEEEEEELLLLEEEEEEEELLEEEEEEEELLLLLLLLLLLEELLLLEEELLEEEEEEELL,EEEEEEEEE,0.5764705882352941,0.0,0.4235294117647059
73,sh3_r1_164,0.6468701703637962,1.4846869922001604,1.739372623540319,2.1246253254503245e-06,0.010286986827850342,0.3293109357918711,1.756023181952354,11.867226960971747,84,MPPPRPPKPEEIRQIIAYISPAQRNQLRRLAEQLKQNPSAAKQQLQNLANTMPPPQARAAAKLAQILDYYPEQQAAERLEDALN,3,LLLLLLLLHHHHHHHHHHLLHHHHHHHHHHHHHHLLLHHHHHHHHHHHHLLLLHHHHHHHHHHHHHHHHLLHHHHHHHHHHHHL,HHHHH,0.0,0.7619047619047619,0.23809523809523808
74,sh3_r1_165,0.6654152957626157,1.32632509170583,1.9708644126816404,2.2060439732740633e-05,0.029842853546142578,0.4552868401312582,1.7242006442867885,12.870009889593751,86,NQLMAELKQLYEQYVDRQRARAKNSGQPPPRPPKPSPESGRLVFPLAQLDNLAAYLPAPAAAKLKALAKKAAKKSGRPWVVVDPPS,9,LHHHHHHHHHHHHHHHHHHHHHHHHLLLLLLLLLEELLLLEEEEEHHHHHHHHLLLLHHHHHHHHHHHHHHHHHHLLLEEEELLLL,HEEHHE,0.12790697674418605,0.5813953488372093,0.29069767441860467
75,sh3_r1_166,0.7000881239393915,1.3913621925231483,2.0220933092901947,1.7020558971125865e-06,0.08698171377182007,0.6662641552672817,2.2567819240564426,13.996819094354214,98,NKARALLREAIRWLDYFEENFEKAEAMGNEPSADARQKLARLESNKKRADNLYNASSKPMPPPRPPKPSTDPNEMANEMKSNLERAINKINQANNFLA,3,LHHHHHHHHHHHHHHHHHHHHHHHHHLLLLLLHHHHHHHHHHHHHHHHHHHHHHHHLLLLLLLLLLLLLLLHHHHHHHHHHHHHHHHHHHHHHHHHHL,HHH,0.0,0.7653061224489796,0.23469387755102042
76,sh3_r1_167,0.6848098277413864,1.4412837644556056,1.9175083676063565,2.0351886632852256e-05,0.0652163028717041,0.928147285015373,2.1465132049568942,13.621535369182451,75,SFDPQELYQKLRQNYADARALSAADGQPPPRPPKPEMLARLKKTNKPEAQKEMKAIAQEANNQAQEMQQRRQNRQ,5,LLLHHHHHHHHHHHHHHHHHHHHHLLLLLLLLLLHHHHHHHHHLLLHHHHHHHHHHHHHHHHHHHHHHHHHHHHL,HHH,0.0,0.7733333333333333,0.22666666666666666
77,sh3_r1_168,0.6736606533895313,1.4102347947795082,1.8582565795590797,4.043628905492369e-06,0.09980380535125732,0.4106086117725231,1.315345069325091,14.422311348228048,56,DSLPPPRPPKPGEIAQLQQQAAANLAEAEKDPKALQQARQLEAQAAQKQKEYAAFQ,0,LLLLLLLLLLHHHHHHHHHHHHHHHHHHHHLHHHHHHHHHHHHHHHHHHHHHHHHL,HH,0.0,0.7857142857142857,0.21428571428571427
78,sh3_r1_169,0.7219783933644723,1.3549543454967163,2.1635984685961844,8.551656947020092e-07,0.09133744239807129,0.37054284793950265,1.733260194062699,14.360976972732635,98,PLPPPRPPKPVNSVPSENGNTVEAYEDNSDEEDNQPKITIKIKVGNKQYTAVIEADNTGMKIQPPKDWPKNLPKQARRQIEKAAAKKANKKAQAQKNQ,6,LLLLLLLLEEEEEEELLLLLEEEEEEELLLLLLLLLEEEEEEEELLEEEEEEEEELLLLEEEELLLLLLLLLLHHHHHHHHHHHHHHHHHHHHHHHHL,EEEEEH,0.35714285714285715,0.24489795918367346,0.3979591836734694
79,sh3_r1_17,0.6978914617989842,1.4674058527582223,1.9905115868304746,3.5811662968399105e-08,0.03153979778289795,0.634748828229988,1.5087061595500302,13.072979434186689,81,FFESMPPPRPPKPNMSDAELKKQAEAWWNEAQASENPYLMAYAMKYWAKAALAKSSDKPQAEAALDMAEQMREMYEEAQQA,-4,LLLLLLLLLLLLLLLLHHHHHHHHHHHHHHHHHLLLHHHHHHHHHHHHHHHHHHLLLHHHHHHHHHHHHHHHHHHHHHHHL,HHH,0.0,0.7160493827160493,0.2839506172839506
80,sh3_r1_170,0.6911414724688529,1.4136329656811775,2.0047282764378216,0.001050529652275145,0.03524506092071533,0.7151799182077525,2.265349917813096,13.053169063873874,78,FFAAAAALQLLLESGAPPPRPPKPAKSPQQKRNHMERMMAEFEQNLNQARKNKDDPWAIAQAAWQLLYFFRYKALLME,4,LHHHHHHHHHHHHHLLLLLLLLLLLLLHHHHHHHHHHHHHHHHHHHHHHHHLLLLHHHHHHHHHHHHHHHHHHHHHHL,HHH,0.0,0.7564102564102564,0.24358974358974358
81,sh3_r1_171,0.7595771933067305,1.3462187747850463,2.418486042476183,1.6907109966268763e-05,0.033147335052490234,0.5336688310392346,1.8816596041008165,13.613703406800445,55,KVEYERPASQPPPRPPKPNKENPKQAENWPRAKPEKKPDGSKKYTLESDQPWARQ,5,LEEEEELLLLLLLLLLLLLLLLHHHHHLLLEEEEEELLLLLEEEEEELLLHHHHL,EHEEH,0.3090909090909091,0.16363636363636364,0.5272727272727272
82,sh3_r1_172,0.7452838703856202,1.5736073242431436,2.0765048841236773,1.7149146515293978e-05,0.07627284526824951,0.3936390512874672,2.051579560940671,14.057536576886912,78,PPPRPPKPIPPPPDNPNDPEQKQQYLKELQPNLPYILELIEKARKLESSGEKWPEPELAQARRAQRWLSWASRLAEEA,0,LLLLLLLLLLLLLLLLLLHHHHHHHHHHHHHHHHHHHHHHHHHHHHHHHLLLLLHHHHHHHHHHHHHHHHHHHHHHHL,HH,0.0,0.6923076923076923,0.3076923076923077
83,sh3_r1_173,0.7076183615454479,1.4071504045967702,2.084070064302869,7.026112029961951e-07,0.04686993360519409,0.615736704115657,1.8016657020464346,13.527419911426003,98,FDEYFWLLMDALALLMQLEDPKKAARAALWYIWAAMSGLDAAEAINEAQAMANDPNAPPPRPPKPSKNATPDDLMLIMAWMQLYMWLRSLYLQYDKFF,-4,LHHHHHHHHHHHHHHHHLLLHHHHHHHHHHHHHHHHLLLLHHHHHHHHHHHHHLLLLLLLLLLLLLLLLLHHHHHHHHHHHHHHHHHHHHHHHHHHHL,HHHH,0.0,0.7346938775510204,0.2653061224489796
84,sh3_r1_174,0.7174503293288913,1.4603955211048878,2.1078362539986917,1.3842974112776574e-05,0.018992185592651367,0.8967700040494735,1.7598392597102945,12.628767635433253,93,FDNLEKAEATIVEDPNGRATITFKKDGYAYEFEANANDPAAKQALAEAKKANKKNGTLTPQEARKARKKLRASSANSPPPRPPKPDKNSPPPQ,6,LLLLLLEEEEEEELLLLEEEEEEEELLEEEEEEEELLLHHHHHHHHHHHHHHHHHLLELHHHHHHHHHHHHHHHHLLLLLLLLLLLLLLLLLL,EEEHEH,0.25806451612903225,0.3548387096774194,0.3870967741935484
85,sh3_r1_175,0.7173352871043381,1.5498759230874755,1.9878674659508169,7.012200057943119e-06,0.04891902208328247,0.7724333299632539,2.2263799590793556,13.478382782911483,89,NAAQLLREAKQEAQKQAQQRKADPNMPPPRPPKPAELAELASYLQRYESGRELPTSPAERKKLKEKAKHLAQYAAYAKARGDPELADFF,5,LHHHHHHHHHHHHHHHHHHHHHLLLLLLLLLLLHHHHHHHHHHHHHHHLLLLLLLLHHHHHHHHHHHHHHHHHHHHHHHHLLHHHHLLL,HHHH,0.0,0.7191011235955056,0.2808988764044944
86,sh3_r1_176,0.6025627739796919,1.2643238664087324,1.7293572884910084,1.1003613309412685e-07,0.019132494926452637,0.5624250919530277,1.6739142661815878,12.49493966107607,81,NARNQARENADDNIQALEAAINNGQTWQQQMQLYAQAAAAYRAMNPGMPPPRPPKPGMSEAEQNQQIREMKNEIRQNINRA,1,LHHHHHHHHHHHHHHHHHHHHHLLLLHHHHHHHHHHHHHHHHHHLLLLLLLLLLLLLLLHHHHHHHHHHHHHHHHHHHHHL,HHH,0.0,0.7407407407407407,0.25925925925925924
87,sh3_r1_177,0.7019528585921821,1.5534498795728993,1.9466254273883377,0.00030640396289527416,0.009076178073883057,0.6940812731750094,2.122214915137835,11.621514649726679,65,AEWYLKYAERLAAMNGPKAQKLREAIQQYMAAWMKKGADPPPPPRPPKPGMSADEAINWLLQAAM,3,LHHHHHHHHHHHHHHHHHHHHHHHHHHHHHHHHHHHLLLLLLLLLLLLLLLLHHHHHHHHHHHHL,HH,0.0,0.7230769230769231,0.27692307692307694
88,sh3_r1_178,0.612456795562326,1.2912255724271138,1.74462248289535,5.416870063612578e-09,0.026435911655426025,0.3123342736478365,1.8121505415362453,12.604488017999676,78,KFRAELDQAQNDFWQHAQQDANNQGRPPPRPPKPGMSPQEQKEQLQEAAQEHGSPAAQQAYQKLLKRLKAAQQAEAAN,1,LHHHHHHHHHHHHHHHHHHHHHHHLLLLLLLLLLLLLHHHHHHHHHHHHHHHLLHHHHHHHHHHHHHHHHHHHHHHHL,HHH,0.0,0.782051282051282,0.21794871794871795
89,sh3_r1_179,0.6504659291558591,1.3580640993874382,1.8543723192872719,6.14786358710262e-06,0.03988093137741089,0.8427933932194163,2.16778590905823,13.280976550699332,89,QNNIRRAKALANNLQNAAQSGADPDQIYQEQNQIWMEAAQAMQNAGRPPPRPPKPKNTNNERNELRAQAKENIAEAKSWAKEAEARANA,3,LHHHHHHHHHHHHHHHHHHLLLLHHHHHHHHHHHHHHHHHHHHHHLLLLLLLLLLLLLHHHHHHHHHHHHHHHHHHHHHHHHHHHHHLL,HHH,0.0,0.7752808988764045,0.2247191011235955
90,sh3_r1_18,0.6364931671500142,1.2530550149579842,1.9094877074436323,4.880440087617899e-07,0.01992213726043701,0.5134401096133822,1.8844669368951217,12.901204785340497,70,SAQKNARRDAENKYRQRYLEAMKKSNTPADIWAAYKQLWMDWRATNPNMPPPRPPKPGMTPQQQRQDFAR,8,LHHHHHHHHHHHHHHHHHHHHHHHLLLHHHHHHHHHHHHHHHHHHLLLLLLLLLLLLLLLHHHHHHHHHL,HHH,0.0,0.7142857142857143,0.2857142857142857
91,sh3_r1_180,0.6762461601489443,1.4668339240468211,1.899043370208709,0.000418278417782858,0.014516949653625488,0.4891318566358894,2.2648059038158843,12.256335329027882,59,EQRPPPRPPKPGDKQEAQEAMAEARQEMQRLQAENDPPEAWRLMQQFDQLLAWLAEAQK,-3,LLLLLLLLLLLLLHHHHHHHHHHHHHHHHHHHHLLLHHHHHHHHHHHHHHHHHHHHHHL,HH,0.0,0.711864406779661,0.288135593220339
92,sh3_r1_181,0.7042377959851889,1.422235909918392,2.0543207887280337,7.278799785126466e-07,0.04463082551956177,0.5463176795283147,1.9886504806060947,13.548570755951296,66,DQQADQRRADRLEWAKAYYEAWAKYKAFMNPEMTPEQALAWAKQRYKRYARNNPNAPPPRPPKPLA,6,LHHHHHHHHHHHHHHHHHHHHHHHHHHHHLLLLLHHHHHHHHHHHHHHHHHHLLLLLLLLLLLLLL,HH,0.0,0.696969696969697,0.30303030303030304
93,sh3_r1_182,0.6724527185488336,1.4185826463831797,1.9239745447696954,7.914328534752713e-07,0.019704818725585938,0.40002556192400235,1.6051387094929797,12.65368530525756,70,KELRRAEKRLEQLLAKLQALNLSDAQRAEAKEWLKDRLQWLNAQANGNPPPPPRPPKPEMTPALRAAYAA,5,LHHHHHHHHHHHHHHHHHHLLLLHHHHHHHHHHHHHHHHHHHHHHLLLLLLLLLLLLLLLLHHHHHHHHL,HHH,0.0,0.6857142857142857,0.3142857142857143
94,sh3_r1_183,0.7224014321858878,1.4584212486666661,2.038314851326393,5.211794018578075e-07,0.11527001857757568,0.3338740447424269,1.8073111533503525,14.468484470292232,57,FSELKMAALLKYLQEWAARIEELRAKTGDKEDAMAEMQNMPPPRPPKPQELQELEQA,-3,LLHHHHHHHHHHHHHHHHHHHHHHHHHLLHHHHHHHHHHLLLLLLLLHHHHHHHHHL,HHH,0.0,0.7719298245614035,0.22807017543859648
95,sh3_r1_184,0.6642643168086159,1.3782784388297133,1.9259211709509567,0.0006376224919222295,0.015846729278564453,0.7981451997373821,1.3819419341004064,12.413831808623824,97,EAAKMALNPNAPPPRPPKPGDGMDPQEWQEYRAAWQSGNPEERAAAALLWVALEMNDPAQAQFAKKLAADFERAAQAGNPARARALAAEQFEKLKRL,0,LHHHHHHLLLLLLLLLLLLLLLLLHHHHHHHHHHHHLLLHHHHHHHHHHHHHHHLLLHHHHHHHHHHHHHHHHHHHLLLHHHHHHHHHHHHHHHHHL,HHHHH,0.0,0.711340206185567,0.28865979381443296
96,sh3_r1_185,0.6904432273645702,1.4385961428698568,1.991488821012859,0.0013080975040793419,0.01951497793197632,0.5319843932063788,2.212378463550055,12.535109885920695,97,AFDNGMPPPRPPKPGDPSEAKQFIDQAKQLADEGNPPRAAWYLPWLWRLAQREAPAEAFDALQQSMQWARQLEKKNPPWAKEALRAARQAKQAAFAA,3,LLLLLLLLLLLLLLLLHHHHHHHHHHHHHHHHLLLHHHHHHHHHHHHHHHLLLLHHHHHHHHHHHHHHHHHHHLLLHHHHHHHHHHHHHHHHHHHHL,HHHH,0.0,0.7216494845360825,0.27835051546391754
97,sh3_r1_186,0.6849791685053639,1.4183799503026187,1.9912102370888929,0.00040213114698417485,0.014501392841339111,0.6222216611819755,2.173447275258712,12.3866385605433,89,QAERKRAKKKAFKLAKDAKLGRPLPDEAIEEKMQFSKNDPWLYAIADALWYAKLKATNPNAPPPRPPKPTKEMDPEPWFKAQKAYKKAM,10,LHHHHHHHHHHHHHHHHHHLLLLLLHHHHHHHHHHHHHLHHHHHHHHHHHHHHHHHHLLLLLLLLLLLLLLLLLHHHHHHHHHHHHHHL,HHHH,0.0,0.7078651685393258,0.29213483146067415
98,sh3_r1_187,0.6740023709664709,1.4177171393401093,1.9283503744530759,9.428906196262687e-06,0.023925483226776123,0.8591847949025967,2.2888270448502404,12.979960902404725,76,DKQAAEKKRAQRARNKYKQLANKGDPEAKALAKWAQQSNDPQQIKEAAEWAEQLKNAKNNPNMPPPRPPKPNNQPP,8,LLHHHHHHHHHHHHHHHHHHHHHLLHHHHHHHHHHHHLLLHHHHHHHHHHHHHHHHHHHLLLLLLLLLLLLLLLLL,HHH,0.0,0.6842105263157895,0.3157894736842105
99,sh3_r1_188,0.6700294541790417,1.4594255277404078,1.8704886144547446,5.113201041240245e-06,0.020222902297973633,0.527835994230665,1.2447666095530916,12.441868303803618,84,FAWAALQEAAEASGMPPPRPPKPNMTAADQEAWMKEAIDWLAQAGDPRLALELAQAAIQQNNPEIAQEAQEELAQLMAAWMEAF,-9,LHHHHHHHHHHHHLLLLLLLLLLLLLHHHHHHHHHHHHHHHHHLLLHHHHHHHHHHHHHLLLHHHHHHHHHHHHHHHHHHHHHL,HHHH,0.0,0.75,0.25
100,sh3_r1_189,0.6539893125625691,1.3500686994995232,1.8436427999392795,0.025520239025354385,0.02519458532333374,0.2877782809311446,1.7355878207410835,12.780967654125702,67,SENAQQWQQKAQEWWADAARESGSQAIAAELQADAQKEMAANPNAPPPRPPKPEEIKALAAQQEAAQ,-4,LHHHHHHHHHHHHHHHHHHHHHLLHHHHHHHHHHHHHHHHHLLLLLLLLLLLHHHHHHHHHHHHHHL,HHH,0.0,0.7761194029850746,0.22388059701492538
101,sh3_r1_19,0.6740421601906793,1.4582200359415123,1.9008430743150673,1.4311513950815424e-05,0.011119067668914795,1.0517196438929006,2.191832812238771,11.896703424365386,70,AQAQIQQFIQMMLFNAQTSPPPRPPKPEDGIPFEAWMEWYQAWQLARQGNAQKAKELLKDMYKQMAAMMA,1,LHHHHHHHHHHHHHHHLLLLLLLLLLHHHLLLHHHHHHHHHHHHHHHLLLHHHHHHHHHHHHHHHHHHHL,HHHH,0.0,0.7428571428571429,0.2571428571428571
102,sh3_r1_190,0.686529451917601,1.4070841725225802,2.000580145595282,2.1473645972491795e-07,0.0249825119972229,0.4946725168289571,1.4632403386607489,12.889255143686617,81,QQAENMPPPRPPKPNMSAQEAAEQLAEYAAWQLMRKSNTPWQAAQLAERAMALADKAKAQARRMSPQELWALLRKKYLAAF,5,LLLLLLLLLLLLLLLLLHHHHHHHHHHHHHHHHHHHLLLHHHHHHHHHHHHHHHHHHHHHHHHLLHHHHHHHHHHHHHHHL,HHH,0.0,0.7160493827160493,0.2839506172839506
103,sh3_r1_191,0.6745377364152265,1.3537600874486897,1.953291399612528,1.2635707662411733e-06,0.06563466787338257,0.4899879927533302,1.5616455612421742,13.818478791700326,69,KQAEKQAAMMEYQQAWAEYQAASGQPKPPPRPPKPSKNMTEQQFAQQLKEWARRMKAEAKQAADDRQEQ,3,LHHHHHHHHHHHHHHHHHHHHHHLLLLLLLLLLLLLLLLLHHHHHHHHHHHHHHHHHHHHHHHHHHHHL,HH,0.0,0.7246376811594203,0.2753623188405797
104,sh3_r1_192,0.6859717348967891,1.52018080982897,1.9011652182349166,2.4291193767567165e-06,0.008507788181304932,0.5773956258224329,1.9726788065030618,11.57370668098706,64,FLWALAQQLAEQSGAPPPRPPKPEMSAAQAIFEAAEWLAEYADPPQAEMLLDMAMAWEMAAMMF,-7,LHHHHHHHHHHHHLLLLLLLLLLLLLHHHHHHHHHHHHHLLLLHHHHHHHHHHHHHHHHHHHHL,HHH,0.0,0.703125,0.296875
105,sh3_r1_193,0.6615140193449522,1.4540693565375276,1.830940160670398,6.173741553539003e-07,0.02255934476852417,0.7636307115565916,2.2113394858753503,12.679293392211614,74,QFEQAREKARQLLQQAKRAKSSNDQAQAQRLARKAEQAWWQAQRAEANKQGQPPPRPPKPGQPVTLEQAEKMAK,8,LLLHHHHHHHHHHHHHHHHHHLLLHHHHHHHHHHHHHHHHHHHHHHHHHLLLLLLLLLLLLLLLLHHHHHHHHL,HHH,0.0,0.6891891891891891,0.3108108108108108
106,sh3_r1_194,0.6462039238792434,1.3821757407514035,1.812565709719322,1.0063533409265801e-05,0.036258041858673096,0.6927871095086485,2.2061842342559137,13.134376711565988,65,KEDRRNMARAMYEMAENQLNQAKEMNTPQAQQQKQWAEDMLQWARDAIKAAESGLPPPRPPKPPS,1,LHHHHHHHHHHHHHHHHHHHHHHLLLLHHHHHHHHHHHHHHHHHHHHHHHHHHLLLLLLLLLLLL,HH,0.0,0.7384615384615385,0.26153846153846155
107,sh3_r1_195,0.6562596786868488,1.2664105829403356,1.9257430441631889,0.0,0.089144766330719,0.6426703436908184,1.669151844376067,14.041496128505054,72,RQQEQDAARQKYAQAMQKYAAAMALYQAAKAAGQTPLPPPRPPKPGATPQQQKENLKEMDQDAEEAKFRLAS,3,LHHHHHHHHHHHHHHHHHHHHHHHHHHHHHHLLLLLLLLLLLLLLLLLHHHHHHHHHHHHHHHHHHHHHHHL,HH,0.0,0.7361111111111112,0.2638888888888889
108,sh3_r1_196,0.7813259949905631,1.5879226160684117,2.286476220829336,1.989754309761338e-06,0.032227158546447754,0.9364778091864584,1.8536945185585327,13.024029646566863,59,LRQAAQALGLPPPRPPKPGEDFTQPPKKPNSPQQWQDYLYREWYLLRKRDRKSQDDDEK,3,LHHHHHHLLLLLLLLLLLLLLLLLLLLLLLLHHHHHHHHHHHHHHHHHHHHHHHHHLLL,HH,0.0,0.5254237288135594,0.4745762711864407
109,sh3_r1_197,0.6751062650960775,1.3824569694697857,1.983685808270656,0.0008072165655903518,0.0077741146087646484,0.4817033924548837,2.018066405956848,11.856850247962223,59,WEEQENQIEDAIESGKPVTFVAPPGMPPPRPPKPTENTQFEYTVVPTNGAIKYTARVLS,-3,LHHHHHHHHHHHHHLLLEEEEELLLLLLLLLLLLLLLLEEEEEEEEELLEEEEEEEEEL,HEEE,0.3898305084745763,0.22033898305084745,0.3898305084745763
110,sh3_r1_198,0.756899155349374,1.659879966604489,2.11670840937611,4.607947630574927e-05,0.007815241813659668,0.9643888485208357,1.9492962402419907,11.91772164698333,55,QWLQNMPPPRPPKPGLAEALEYAMWLMQRAALLPPQQFWQYMKRAWAYMAFLIML,3,LHHHHLLLLLLLLLLHHHHHHHHHHHHHHHLLLLHHHHHHHHHHHHHHHHHHHHL,HHH,0.0,0.7090909090909091,0.2909090909090909
111,sh3_r1_199,0.6245055167051775,1.2561717217581139,1.7959145654654676,1.647601675358601e-05,0.07040834426879883,0.5955619931210921,1.9775110895592396,13.71483525956067,90,DEQAEEAAAKRAEAKRKIKRARSLANDLQAGEASDAQKQELYDLLMDAWQIYADIRRSETGMPPPRPPKPGMSPSELNNQINQMENDLQN,-3,LHHHHHHHHHHHHHHHHHHHHHHHHHHHHLLLLLHHHHHHHHHHHHHHHHHHHHHHHHHHLLLLLLLLLLLLLHHHHHHHHHHHHHHHHL,HHH,0.0,0.7777777777777778,0.2222222222222222
112,sh3_r1_2,0.6724018408842904,1.387535959413206,1.936874976413653,0.00091395596973598,0.03577035665512085,0.5993568342188536,2.1264420259925076,13.135177586072528,70,ADAASAPPPRPPKPEYIQAMAKNSNDPAEAQDILKAWPEWMAAYMANNPEEARARQRRIEDKLKDLKAKA,1,LHHHHLLLLLLLLHHHHHHHHHHLLLHHHHHHHHHHHHHHHHHHHLLLHHHHHHHHHHHHHHHHHHHHHL,HHHH,0.0,0.7714285714285715,0.22857142857142856
113,sh3_r1_20,0.7384516500009783,1.3498247487953416,2.312742840933149,9.423685014553485e-07,0.029688775539398193,0.46205450312345564,1.5101686467938633,13.074174585591336,86,KRNPNEPPPPPRPPKPSGDGRLEIDKASIAQLKAWARRKNPDARRIPKEAWQNPKELAKWAAKSPNGEELKAKADALAQRWKAEKF,10,LLLLLLLLLLLLLLEELLLLLEELLHHHHHHHHHHHHHHLHHHHHLLHHHHLLHHHHHHHHHHLLLLHHHHHHHHHHHHHHHHHHL,EEHHHHH,0.046511627906976744,0.5930232558139535,0.36046511627906974
114,sh3_r1_21,0.7198847955667653,1.472982415308555,2.1045902994435,2.5439439923502505e-06,0.02184617519378662,0.3813155065305763,1.8687740811304399,13.330542165121033,77,DLAFYRKRNPNAPPPRPPKPNMSIKQAISEIKEHLPNAAARQQARSLYSQAESSNDPAARQRAAERAEKLYMALWAF,6,LHHHHHHHLLLLLLLLLLLLLLLHHHHHHHHHHHLLLHHHHHHHHHHHHHHHHLLLHHHHHHHHHHHHHHHHHHHHL,HHHH,0.0,0.7012987012987013,0.2987012987012987
115,sh3_r1_22,0.6709158853915942,1.367226127811052,1.9183029046048725,1.1737381555576576e-06,0.06904804706573486,0.33835360084545274,1.3872426402996703,13.83636436551582,96,EKDAARNDARKEMAQARALADAAAALAFNNQATDSDIRQAYEDLRRLWARAAALNAADGMPPPRPPKPELMNSPDPQLAIALILEQINDYINYIER,-3,LLHHHHHHHHHHHHHHHHHHHHHHHHHHLLLLLHHHHHHHHHHHHHHHHHHHHHHHHHLLLLLLLLLHHHHLLLLHHHHHHHHHHHHHHHHHHHLL,HHHH,0.0,0.7708333333333334,0.22916666666666666
116,sh3_r1_23,0.7463818046290971,1.3657211057013934,2.314797304784276,9.66814059211174e-06,0.05137127637863159,0.8857645451696327,1.6785996262974507,13.951865000451583,59,KNNRQYTRETYKPRDGRMTKKTEKVTIPEGQPPPRPPKPGDPPPKDGAKAEKVKYKFDD,7,LLEEEEEEEEEEEELLEEEEEEEEEEEELLLLLLLLLLLLLLLLLLLLLEEEEEEEELL,EEE,0.5423728813559322,0.0,0.4576271186440678
117,sh3_r1_24,0.6647469155413077,1.431806020990566,1.8762310211301858,9.594714356353506e-06,0.015678346157073975,0.4346257084892696,1.7377335823238376,12.522981481476892,60,QQARAQAKQQLKAAQQDYQKAMASPNASWAQYWALMIRWFWAAAQANEPPPRPPKPEQLA,4,LHHHHHHHHHHHHHHHHHHHHHHLLLLLHHHHHHHHHHHHHHHHHHLLLLLLLLLHHHHL,HHH,0.0,0.7333333333333333,0.26666666666666666
118,sh3_r1_25,0.6721808975137562,1.4150202722047214,1.9218997677775307,6.728767942831837e-08,0.023984313011169434,0.815993614711063,1.9341575565957607,12.728764842063235,60,AQMLQDMAQAAKQMIKESPDEPWRALARKQADWAEWMINAAKAKESGMPPPRPPKPEDLA,0,LHHHHHHHHHHHHHHHHLLLHHHHHHHHHHHHHHHHHHHHHHHHHLLLLLLLLLLLLLLL,HH,0.0,0.6833333333333333,0.31666666666666665
119,sh3_r1_26,0.784776583294915,1.5277437155859337,2.32799052732203,9.894863978843205e-06,0.06812888383865356,0.5454805895534542,1.8426026488941396,13.855264052014405,94,AFFAEANKKLLARARRLLALAMSGKVPAHEAFQLAQDAKWLANWYPPSQPAAQWAYAEYEQAQRLLYKLKANNEFSAWHANLPPPRPPKPNSNS,6,LHHHHHHHHHHHHHHHHHHHHHHLLLLHHHHHHHHHHHHHHHHHLLLLLHHHHHHHHHHHHHHHHHHHHHHLLHHHHHHHHLLLLLLLLLLLLL,HHHH,0.0,0.7340425531914894,0.26595744680851063
120,sh3_r1_27,0.7129935922999718,1.4485297617674977,2.067837802069367,4.153528152528452e-06,0.04859209060668945,0.4618344218216121,1.4996081461034132,13.780103128184738,62,SPAADQAWKQARLKRYLQYLQRWAFKYNIDPQEARQEAQAAYSAGSSQPPPPPRPPKPEEAS,3,LHHHHHHHHHHHHHHHHHHHHHHHHHHLLLHHHHHHHHHHHHHLLLLLLLLLLLLLLHHHHL,HHH,0.0,0.6935483870967742,0.3064516129032258
121,sh3_r1_28,0.691647807420126,1.2847698933824343,2.0624323827528337,0.001322648604400456,0.10839146375656128,0.6349655258351165,1.9436186900010861,14.35109273143771,95,NRQAARNRAQQAQQQLQQFAKNSGLKDDAAEQLAEIQQWAQMMKNSNEWPPPPRPPKPKPNKTAADQNAYAALMQQYKQAWQFLAQARRAKKFQA,9,LHHHHHHHHHHHHHHHHHHHHHHLLHHHHHHHHHHHHHHHHHHHHLLLLLLLLLLLLLLLLLLHHHHHHHHHHHHHHHHHHHHHHHHHHHHHHHL,HHH,0.0,0.7684210526315789,0.23157894736842105
122,sh3_r1_29,0.6960638111455073,1.407880580190707,2.0410829142848446,8.431148307863623e-05,0.031186938285827637,0.7348773850994371,1.8565964436532347,12.948690449740507,89,SDKEKAKQALELAAALRRLMEAGDWPAAQQAMDALWKEMEDPEDLALWYLAWAEAMDAWANSPESNLPPPRPPKPTAQNAEALDRAMKF,-6,LHHHHHHHHHHHHHHHHHHHHLLLHHHHHHHHHHHHHLLLLHHHHHHHHHHHHHHHHHHHHLLLLLLLLLLLLLLLHHHHHHHHHHHHL,HHHH,0.0,0.7303370786516854,0.2696629213483146
123,sh3_r1_3,0.6766222508655487,1.494270434534108,1.8780893434787271,1.99031965166796e-05,0.010711669921875,0.6516373503995919,2.141139620574814,11.955010060177836,64,LFQKAKRLKKQAARWAKDKNSGGPPPRPPKPEDIAMLQDALEQMSPPQRQELRQLLQAYVAFMA,6,LHHHHHHHHHHHHHHHHHHHLLLLLLLLLLHHHHHHHHHHHHHLLHHHHHHHHHHHHHHHHHHL,HHH,0.0,0.78125,0.21875
124,sh3_r1_30,0.6546157578307243,1.3920913024081123,1.852317145386989,0.00025354354875162244,0.028163254261016846,0.4959909440644269,2.1453357948811598,12.875951165689338,94,FKNAALFALLQQAEQAMEQYRQMSGEPPPRPPKPLSPSESPQEQIAKQKKQIDEAKQTGDKAQLLWQLKYLAKNAEQNNNDEAIDRAQALLQRL,1,LHHHHHHHHHHHHHHHHHHHHHHHLLLLLLLLLLLLLLLLHHHHHHHHHHHHHHHHHHLLHHHHHHHHHHHHHHHHHHLLHHHHHHHHHHHHHL,HHHH,0.0,0.7659574468085106,0.23404255319148937
125,sh3_r1_31,0.7180164807678262,1.5649608436420008,2.008062730463843,7.965180702740327e-05,0.016899526119232178,0.814660197490697,1.388261824601016,12.497772358928843,82,ATLRALLAQLEASANNPAAYWNLMMQAQNQLSDQAKQSGEKVEIKITFGGMTNKFTANARSGQQPPPPRPPKPGATPKVEIF,4,LHHHHHHHHHHHHHHLHHHHHHHHHHHHHHHHHHHHHHLLEEEEEEEELLEEEEEEEELLLLELLLLLLLLLLLLLEEEEEL,HHEEEE,0.2682926829268293,0.43902439024390244,0.2926829268292683
126,sh3_r1_32,0.650757452768601,1.359838206872896,1.8887235497550359,5.917141606914811e-05,0.00510716438293457,0.7435484073623642,1.7201860738151589,11.057827587806894,61,QIKDEIKQAKQAKAEGLPPPRPPKPEDGSPADMILYAALRAALMGDPPQIEQLLDMLQQLA,-2,LHHHHHHHHHHHHHHLLLLLLLLLLLLLLLHHHHHHHHHHHHHHLLHHHHHHHHHHHHHHL,HHH,0.0,0.6885245901639344,0.3114754098360656
127,sh3_r1_33,0.657621549999906,1.4368178404315752,1.8335767590022856,1.1430108770582592e-06,0.017710864543914795,0.7362846733711803,2.111412645900425,12.369104992059857,92,AAKERNNARNLIRNAENTNMTPADAKNLRAQALRLLLRLIDEGDIPQALNLYWEANRAAHRQSGEPPPRPPKPGDPPAAKAQIKNQADQALA,4,LHHHHHHHHHHHHHHHHLLLLHHHHHHHHHHHHHHHHHHHHLLLHHHHHHHHHHHHHHHHHHHLLLLLLLLLLLLHHHHHHHHHHHHHHHHL,HHHH,0.0,0.7717391304347826,0.22826086956521738
128,sh3_r1_34,0.6990265921933301,1.469651827243743,1.9884474425050498,1.884604671431589e-06,0.037029922008514404,0.38923739653200246,1.8215128570873915,13.713962351891306,61,NNAEMARNMLEQLYDNGATPEDIKKFIKQLKSSNNPKDQEAAQQIANAPPPRPPKPKKEQR,3,LLHHHHHHHHHHHHHLLLLHHHHHHHHHHHHHLLLHHHHHHHHHHHLLLLLLLLLLLLLLL,HHH,0.0,0.6065573770491803,0.39344262295081966
129,sh3_r1_35,0.6748881428734737,1.2822053302769307,1.9867786226015558,5.026507210459386e-07,0.10545575618743896,0.59400830551625,1.7461862939010147,14.128478553820127,92,DAWMLLMQLAQNAGMPPPRPPKPGASPAEAAQQIQEAANELAAIYDRLPANQPVYSPNGEPMTPAQARQEYRRIKRDYAAEARQAAREQADE,-2,LHHHHHHHHHHHLLLLLLLLLLLLLLHHHHHHHHHHHHHHHHHHHHLLLLLLLEELLLLLEELHHHHHHHHHHHHHHHHHHHHHHHHHHHHL,HHEEH,0.043478260869565216,0.6413043478260869,0.31521739130434784
130,sh3_r1_36,0.7250061136930367,1.4529189458461822,2.153499309803907,1.8173228454543278e-05,0.018575966358184814,0.776738785220805,2.160825368770619,12.830952135855506,82,PPPPPRPPKPSGEMTNGKIVYEITMNGNTAWIEVPPQKPGEEAEAYSADGQKVKATAEKTNDNRYTLKARTNNKEVKAKAPK,4,LLLLLLLLEEEEEEELLEEEEEEEELLEEEEEEELLLLLLLEEEEELLLLLEEEEEEEELLLLLEEEEEEELLEEEEEELLL,EEEEEEE,0.5853658536585366,0.0,0.4146341463414634
131,sh3_r1_37,0.7418471198592914,1.4071611285347632,2.140225153349787,4.3498775994521566e-06,0.16184061765670776,0.5930850067718224,2.171267053314578,14.824646470051329,80,PDPEQAQKKKAKELLAYARYADQAEQDLQELKAQNNPAEAANNEKMLSDYQKDRPRADQLRQKYPDKNLPPPRPPKPNKN,3,LLHHHHHHHHHHHHHHHHHHHHHHHHHHHHHHHLLLHHHHHHHHHHHHHHHHHHHHHHHHHHHLLLLLLLLLLLLLLLLL,HH,0.0,0.725,0.275
132,sh3_r1_38,0.6528450284064962,1.488076090812683,1.7715756103084253,4.4884095586894546e-06,0.004564464092254639,0.46570411928918976,1.199860140776193,11.208170163682198,61,AYQALRQAAQQLGLPPPRPPKPNESPADLANWKQNARELARLIDMGNPAQARALYRRLYRS,6,LHHHHHHHHHHHLLLLLLLLLLLLLHHHHHHHHHHHHHHHHHHHLLLHHHHHHHHHHHHHL,HHH,0.0,0.7049180327868853,0.29508196721311475
133,sh3_r1_39,0.755694165902562,1.5994113864446127,2.144582950979909,0.0028144882526248693,0.02884751558303833,0.8708283624670391,2.4584938271045402,12.806133780518623,80,AAFANLANLPPPRPPKPGQPAPFLMMMAWLAMAFDPALAWELWALAMAAQMLSAPQLWAAYMLYYRLWQQALRRLLKKAD,4,LHHHHHHHLLLLLLLLLLLLHHHHHHHHHHHHLLLHHHHHHHHHHHHHHHHLLHHHHHHHHHHHHHHHHHHHHHHHHHHL,HHHH,0.0,0.7625,0.2375
134,sh3_r1_4,0.7074502221320046,1.517650968326187,1.9583656109241119,2.3723005426745658e-07,0.06123405694961548,0.4516407987841635,1.9730280883345177,13.600724666891702,76,SPQAQEQLQSLYEMLRRLWALAYYNQDLAPALKRQADWLMWQAVQLMHMMGLPPPRPPKPEEIKALAQEAKERKQA,2,LHHHHHHHHHHHHHHHHHHHHHHHLHHHHHHHHHHHHHHHHHHHHHHHHHLLLLLLLLLHHHHHHHHHHHHHHHHL,HHH,0.0,0.8421052631578947,0.15789473684210525
135,sh3_r1_40,0.6917680058526582,1.437567177263123,2.0052398544704757,4.263600203557871e-06,0.016024470329284668,0.5268264297964066,1.331051530183453,12.453034601724287,63,FQEPPPPPRPPKPNQKIDPDDAKDMLQQAKAYKQYAFNSDDEEAAEKYLDWYDQYEALAAKAF,-5,LLLLLLLLLLLLLLLLLLHHHHHHHHHHHHHHHHHHHHHLLHHHHHHHHHHHHHHHHHHHHHL,HH,0.0,0.6666666666666666,0.3333333333333333
136,sh3_r1_41,0.7068912089122691,1.4707100672854319,2.0446053761177714,0.0,0.01914060115814209,0.7580233779782707,2.291894019969763,12.634190590573635,71,QAAQQAAAFAFFDALMDWLEDAAEQNASPWLIMAALEQLQALMMQNPNLPPPRPPKPGSDNPWLMWLWWFL,-5,LHHHHHHHHHHHHHHHHHHHHHHHLLLLHHHHHHHHHHHHHHHHHLLLLLLLLLLLLLLLLHHHHHHHHHL,HHH,0.0,0.6901408450704225,0.30985915492957744
137,sh3_r1_42,0.6409624773480371,1.3963409621544458,1.7836089647249975,0.004229720216244459,0.016403019428253174,0.5097454589034539,2.0077879171446384,12.3502154259884,61,NDAELRKELMEARAEYQQARQANNQQGMPPPRPPKPSTNPQQQKQNLEDQKKWAEQAAKQA,2,LHHHHHHHHHHHHHHHHHHHHHHHHHLLLLLLLLLLLLLHHHHHHHHHHHHHHHHHHHHHL,HH,0.0,0.7540983606557377,0.2459016393442623
138,sh3_r1_43,0.6846076322848269,1.453281396103126,1.962151754289394,4.742371970678505e-07,0.007604062557220459,0.5845823414321453,1.704419011080242,11.965088230713715,66,EFAERLDSMPPPRPPKPGESPDEVLEDMREEYSAPEFALALLFYKAWLLNLDPAEMQEMRREAAAL,-8,LHHHHHHLLLLLLLLLLLLLHHHHHHHHHHHLLHHHHHHHHHHHHHHHLLLLHHHHHHHHHHHHHL,HHHH,0.0,0.6818181818181818,0.3181818181818182
139,sh3_r1_44,0.6619935218066071,1.39821284595463,1.8740021762082073,1.2828350293148105e-07,0.03775233030319214,0.3461803254943339,1.8391292961087173,12.919247562779333,84,ADRFRALYNQAWEQQREEAAQANMPPPRPPKPGVLNEFIQQAERAKKNGNPEAAIKAAMAKAAKEHPQFAQILKQALKEEAAAL,3,LHHHHHHHHHHHHHHHHHHHHLLLLLLLLLLHHHHHHHHHHHHHHHHLLLHHHHHHHHHHHHHHHLHHHHHHHHHHHHHHHHHL,HHHH,0.0,0.8095238095238095,0.19047619047619047
140,sh3_r1_45,0.7080259032833336,1.5353683177381754,1.9965671106178013,1.4300738939709845e-06,0.008191227912902832,0.8502069639574599,2.030549266793118,11.705363726918646,77,AFAMRMAADEFENAPPPRPPKPGMSPWEQAIYRLIQDALASNNKWAAALAKLAWIAAEMGDPPMAQWALMMLQAAFQ,-1,LHHHHHHHHHHHHLLLLLLLLLLLLHHHHHHHHHHHHHHHHLLHHHHHHHHHHHHHHHLLLHHHHHHHHHHHHHHHL,HHHH,0.0,0.7532467532467533,0.24675324675324675
141,sh3_r1_46,0.6501888704341217,1.3287056947333946,1.9001118519314781,1.250314625167448e-07,0.02212655544281006,0.24784538178335055,1.3584249519649059,12.576657974529251,73,SQLEQLIQKALNKYMQAAAARAKESGEPPPRPPKPNSPEYKRLRQQLRRSADNPPAAEALAEQIWEAAAQEAA,2,LHHHHHHHHHHHHHHHHHHHHHHHHLLLLLLLLLLLLHHHHHHHHHHHHHHHLHHHHHHHHHHHHHHHHHHHL,HHH,0.0,0.7945205479452054,0.2054794520547945
142,sh3_r1_47,0.7331023550649469,1.563287902140507,2.0700744770079904,1.1731361837519216e-06,0.03214704990386963,0.5834677902993893,2.172892809897846,13.239924519372169,81,AAMQEAQAYQERLLRARSALFDLAEEMGWNDAQERQQIAEWILYRLAQKNGQRPPWFDNMPPPRPPKPNMPPWFRAAMAKA,2,LHHHHHHHHHHHHHHHHHHHHHHHHHLLLLLHHHHHHHHHHHHHHHHHHLLLLLHHHHHLLLLLLLLLLLLHHHHHHHHHL,HHHH,0.0,0.7037037037037037,0.2962962962962963
143,sh3_r1_48,0.6753675055728916,1.414263462923743,1.9496045710747483,0.0,0.012969493865966797,0.3243545015110064,1.9315990706948147,12.303125415629372,78,IQMIENQAKANYAQADPSLPPPRPPKPGQSIEQQLNAMPNNMPAAQQAAQRYWLAKWLKELEEKNEPQAKKYAARIAQ,3,LHHHHHHHHHHHHHLLLLLLLLLLLLLLLLHHHHHHLLLLLLLHHHHHHHHHHHHHHHHHHHHLLLHHHHHHHHHHLL,HHHH,0.0,0.6282051282051282,0.3717948717948718
144,sh3_r1_49,0.6863780690361847,1.3060099283854165,2.088651891179278,0.00482976483181119,0.0275689959526062,0.3658065561477414,1.636994400705187,13.125652050939737,80,SKWANSIKYKAQSPSGVQAEAEIEAYGSEEQIQEAEEWAQHLMNMLSGQSTAPPPRPPKPGDGAYAKAKVTSANGTTIQA,-2,LLLLEEEEEEEELLLLLEEEEEEEEEELHHHHHHHHHHHHHHHHHHLLLLLLLLLLLLLLLLLEEEEEEEEELLLLEEEL,EEHEE,0.375,0.225,0.4
145,sh3_r1_5,0.6531407564914786,1.2694177296426559,1.9130441429559664,0.00012038653949275613,0.08300113677978516,0.538152257050204,1.9720945213680983,14.042997055311377,74,NRQQAKAAYNKEYQAAQQKWQAAADENKDNGRPPPRPPKPLPASELNSPDALNEYKEQARDWADDMENMAQNAK,-1,LLHHHHHHHHHHHHHHHHHHHHHHHHHHHHLLLLLLLLLLLLHHHHLLHHHHHHHHHHHHHHHHHHHHHHHHHL,HHH,0.0,0.7702702702702703,0.22972972972972974
146,sh3_r1_50,0.7168069172984597,1.5185227406521637,2.0236778659257624,8.217011782107875e-06,0.041817545890808105,0.7377813669018323,1.9986787470955216,13.323959223986325,68,DNSAAPPPPPRPPKPGADAEAQAAKYLSQAQEWASMLMKNPQQAPAAEAYLQRMLDWAAKLRARAAEQ,1,LLLLLLLLLLLLLLLLLLHHHHHHHHHHHHHHHHHHHHHLHHHHHHHHHHHHHHHHHHHHHHHHHHHL,HH,0.0,0.7058823529411765,0.29411764705882354
147,sh3_r1_51,0.7053798128548252,1.4895032824327548,2.011418474543194,2.353084056494481e-07,0.025976836681365967,0.6918299449814709,1.3986676610312139,13.048525904811708,62,TNQAKATVTVTWGNQEYTWKYEATGPPQQAKQEAQEMEQEAKKNQQQFAQGTHLPPPRPPKP,1,LLEEEEEEEEEELLEEEEEEEEEELLHHHHHHHHHHHHHHHHHHHHHHHLLLLLLLLLLLLL,EEH,0.3225806451612903,0.3709677419354839,0.3064516129032258
148,sh3_r1_52,0.6367256485199634,1.451924557280209,1.726419525409674,7.0480164140462875e-06,0.005270063877105713,0.7806062393135045,1.572943843636078,11.379560977587474,63,AQAQQKWQAAAALMKEAKANRQQGNPQQARDKADALYNNGASPAMAKALNDKLGLPPPRPPKP,6,LHHHHHHHHHHHHHHHHHHHHHLLLHHHHHHHHHHHHHLLLLHHHHHHHHHHHLLLLLLLLLL,HHH,0.0,0.7142857142857143,0.2857142857142857
149,sh3_r1_53,0.7274370846104365,1.4337176360465862,2.1311787472554933,1.2601444723259192e-05,0.07226383686065674,0.977913475865294,1.750335848197724,14.12588509945054,98,TLEKTDGELTAKATSDNPEAAHQQAQNAIDEAMQALKKKNATVKIEAVVPAQPSGNPLPPPRPPKPPKNSNRTFDVTYSYTMSPDGRTEITYTATPFD,-1,LEEEELLEEEEEEELLLHHHHHHHHHHHHHHHHHHHHHHLLEEEEEEEELLLLLLLLLLLLLLLLLLLLLLLEEEEEEEEEELLLLLEEEEEEEEEEL,EEHEEE,0.3979591836734694,0.22448979591836735,0.37755102040816324
150,sh3_r1_54,0.6821189070351547,1.3310899820730642,2.0013548797483627,5.045384750701487e-05,0.07804876565933228,0.49597950379544276,1.9337469012690622,13.78075435226868,73,FTAENQQKKDKLEQQAAKHRKQMANAAQNPGMPPPRPPKPEALKKLNDPDAQQLYMDYRQDWEQAWAAARDQR,3,LLHHHHHHHHHHHHHHHHHHHHHHHHHHLLLLLLLLLLLHHHHHHHLLHHHHHHHHHHHHHHHHHHHHHHHHL,HHH,0.0,0.7808219178082192,0.2191780821917808
151,sh3_r1_55,0.6848565451483503,1.4667405054249147,1.9276396755765832,9.729029443406034e-06,0.029883086681365967,0.36022022175718166,1.6459034320706125,13.035578158068208,81,QAPPPRPPKPAPTPADANNLLAKFKKKNPANADIAQAIKNSPSEEEKRMALNQLYRAYELLNANDAARAQALLQQAKQKAF,6,LLLLLLLLLLLLLHHHHHHHHHHHHHHLHHHHHHHHHHHLLLLHHHHHHHHHHHHHHHHHHHLLLHHHHHHHHHHHHHHHL,HHHH,0.0,0.7283950617283951,0.2716049382716049
152,sh3_r1_56,0.6938260379310285,1.4916733808953455,1.9475612167445597,0.0014821828808635473,0.02693122625350952,0.4271196693748058,1.3476914127033288,12.869397720979865,83,QFEQQRAEAMELFPRLMPYMPRAKQAMAQMQQQGAPPPRPPKPNDIPAAENLLAEALEKPPDTPQQAMRLFWAAMALSEQLMA,-1,LHHHHHHHHHHHHHHHHHHHHHHHHHHHHHHHHLLLLLLLLLHHHHHHHHHHHHHHHHLLLLLHHHHHHHHHHHHHHHHHHHL,HHH,0.0,0.8072289156626506,0.1927710843373494
153,sh3_r1_57,0.733375317249927,1.2796875970369135,2.062252460420358,3.3765553553166683e-07,0.3249358534812927,0.8204065165799579,2.0458324295989065,15.348675084583007,82,RFSQAAQNANNWKAQYQQNLGQNLKALQQRYKENNFSSEALERALQRNQQEANEYEQHQEDMAQNPNMPPPRPPKPITADQI,0,LHHHHHHHHHHHHHHHHHHHHHHHHHHHHHHHHLLLLHHHHHHHHHHHHHHHHHHHHHHHHHHHLLLLLLLLLLLLLLLLLL,HH,0.0,0.7195121951219512,0.2804878048780488
154,sh3_r1_58,0.7032072219574169,1.3832339457477685,2.0256564968201536,7.15255701888573e-11,0.10714566707611084,0.6230519448937651,2.058649955018734,14.318625885410079,56,AEAQRAAREASAKKQQWMEWMEQRAQWMMNPPSNGPPPRPPKPEELEAAQEALAAL,-1,LHHHHHHHHHHHHHHHHHHHHHHHHHHHHLLLLLLLLLLLLLHHHHHHHHHHHHLL,HH,0.0,0.7142857142857143,0.2857142857142857
155,sh3_r1_59,0.6896665197579822,1.406703949664478,2.023868916036027,9.801332453207579e-06,0.01774013042449951,0.6299250848443909,2.1048011884664226,12.3744273065647,99,AQLLYWLLRKANRARARNSGGPPPRPPKPGEPLPEAIAQLFPKNDPAQAAEWFKAALSEAAAESEMSQKQRMYAQWAAELAASGEMSLQRAAELLYFLF,2,LHHHHHHHHHHHHHHHHHHLLLLLLLLLLLLLHHHHHHHHLLLLLHHHHHHHHHHHHHHHHHHHLLLHHHHHHHHHHHHHHHLLLLLHHHHHHHHHHHL,HHHHH,0.0,0.7171717171717171,0.2828282828282828
156,sh3_r1_6,0.6453971708796534,1.310576694086194,1.8970530217735033,0.0006566082593053579,0.018042922019958496,0.38044547258052674,1.9463320768299097,12.728212537097312,74,NAAQTNRMQLDQLQKNIEQSSTDPAQAAQAAKQAQANYAQLQQQTGKPIPPPRPPKPRGNDAPAYDNYRQAWAA,3,LHHHHHHHHHHHHHHHHHHHHHLHHHHHHHHHHHHHHHHHHHHHHLLLLLLLLLLLLLLLLHHHHHHHHHHHHL,HHH,0.0,0.7432432432432432,0.25675675675675674
157,sh3_r1_60,0.7529437909155243,1.5155270118956212,2.201775380311074,9.086992577067576e-06,0.047398388385772705,0.382256668464715,1.7483930822377876,13.42235080377473,63,QALEALQNMPPPRPPKPGENVPSAAWREAYNAYRQDPPAARALYRDLRLLAALKWAMMAAFFA,3,LHHHHHHLLLLLLLLLLLLLLLLHHHHHHHHHHHHLHHHHHHHHHHHHHHHHHHHHHHHHHHL,HHH,0.0,0.6984126984126984,0.30158730158730157
158,sh3_r1_61,0.6701495965567892,1.3689163972244218,1.9484237782093656,0.0,0.03340780735015869,0.6322995876014189,2.2207676354741936,13.064339008096688,78,QEAEALYQELQALYMQYHPNQPPPRPPKPEESPAEIQQQAEEAESMPPTNPAALNRYLWARWARALWALRALDADQAA,-5,LHHHHHHHHHHHHHHHHLLLLLLLLLLLLLLLHHHHHHHHHHHHHLLLLLHHHHHHHHHHHHHHHHHHHHHHHHHHHL,HHH,0.0,0.717948717948718,0.28205128205128205
159,sh3_r1_62,0.6684953567783382,1.3831162767277825,1.9483248453164357,1.2124335171392886e-06,0.011033236980438232,0.42097742891419027,2.114554569473616,12.044260306681373,70,QLAFLKERAQKNLAKAKEAMKESNPPQNMPPPRPPKPGQSPEQQAEQLENAPAWDLYWYLKYLEQRLQAE,1,LHHHHHHHHHHHHHHHHHHHHHHLLLLLLLLLLLLLLLLLHHHHHHHHHLLLHHHHHHHHHHHHHHHHHL,HHH,0.0,0.6857142857142857,0.3142857142857143
160,sh3_r1_63,0.7081886406863188,1.3972630133783375,2.120722334101284,0.000501391536090523,0.02195507287979126,0.6470709454603679,1.4483587877312223,13.144487314241578,76,LQYKYKKTGNTYEYEASLPQALRLKEEAQQHGATVEVKRTAGGVVTYTVKPKNANSPPPRPPKPPNSENERQAANR,6,LLLEEEEELLEEEEEEEHHHHHHHHHHHHHLLLEEEEEELLLLEEEEEEELLLLLLLLLLLLLLLLLHHHHHHHHL,EEHEEH,0.32894736842105265,0.27631578947368424,0.39473684210526316
161,sh3_r1_64,0.7007411753279988,1.249443288133652,1.9425469856315862,0.13019180297851562,0.05133199691772461,0.5942789840612782,1.6669159930236226,13.631807361694634,86,FEEARRLLSQLEQEYAQAWQQDQDNNNWKPPPRPPKPSKENPAKDQAEYLKNRAKAMKDYLSESLPPAQRARLAKLADQAIEELAQ,0,LHHHHHHHHHHHHHHHHHHHHHHHHLLLLLLLLLLLLLLLLHHHHHHHHHHHHHHHHHHHHHHHLLHHHHHHHHHHHHHHHHHHHL,HHH,0.0,0.7674418604651163,0.23255813953488372
162,sh3_r1_65,0.6765787335925353,1.3571730148461132,1.9762964122852775,0.0019174267072230577,0.0455893874168396,0.6349696507220559,2.082154150988479,13.462507352093839,76,DLTEFAKAQMRKQLRDWASNASKGTKEPPPPPRPPKPGSPKQIMAYQEYQRAWRAAMKEYRKARKNGDWAAFLNKA,10,LHHHHHHHHHHHHHHHHHHHHHLLLLLLLLLLLLLLLLLHHHHHHHHHHHHHHHHHHHHHHHHHHLLLHHHHHHHL,HHH,0.0,0.7105263157894737,0.2894736842105263
163,sh3_r1_66,0.5898577949848042,1.2849475617210069,1.6531956618244783,1.6593444343016017e-06,0.011142432689666748,0.5454711042140978,1.9342232606361645,11.887709281273274,78,NRQELAADAFFLADQAQEAAQEDPDDAFNALDAIWDLAADARKAAGMPPPRPPKPGMSPAEIKAEIQELKAWIQDIAN,-8,LLHHHHHHHHHHHHHHHHHHHHLHHHHHHHHHHHHHHHHLLLHHHLLLLLLLLLLLLLHHHHHHHHHHHHHHHHHHHL,HHHH,0.0,0.7435897435897436,0.2564102564102564
164,sh3_r1_67,0.7199839779642575,1.446101778290338,2.116045304238309,0.006843374576419592,0.024086058139801025,0.626898693637883,1.8896060434210522,13.116552977000758,81,NAFQRIKAQAKEIANAPPGMPPPRPPKPGEGPQAMAQAKRTQSPDGQRTITITAYSADNRPLATVKYTRVDNQPVAEATQS,5,LHHHHHHHHHHHHHLLLLLLLLLLLLLLLLLLLLEEEEEEEELLLLLEEEEEEEELLLLLEEEEEEEEEELLEEEEEEEEL,HEEEE,0.41975308641975306,0.16049382716049382,0.41975308641975306
165,sh3_r1_68,0.6791971730910314,1.3594436915246424,1.9953791792402749,0.005220635328441858,0.030721724033355713,0.5460423474374898,1.374219035454505,12.995672011717721,78,LQALEELSPDQLWAAYRQKQALYMAYRKRRWKQSNQPPPRPPKPDKNAPPWQQAKQWLKQLAAELPPDAAQKILRALA,8,LHHHHHLLHHHHHHHHHHHHHHHHHHHHHHHHHHLLLLLLLLLLLLLLLHHHHHHHHHHHHHHHLLHHHHHHHHHHHL,HHHH,0.0,0.7307692307692307,0.2692307692307692
166,sh3_r1_69,0.5946699872160368,1.2892800268751605,1.6738550884576586,1.8638610299603897e-07,0.010214447975158691,0.37857927656659357,1.4573444964571338,11.787690090912461,70,AWQRLYAQLRQLSMQLGLPPPRPPKPGMTPQEQMKEIYEEIQWLKSRAKQNGASAAQIAALDALKNEIKQ,4,LHHHHHHHHHHHHHHLLLLLLLLLLLLLLHHHHHHHHHHHHHHHHHHHHHLLLLHHHHHHHHHHHHHHHL,HHH,0.0,0.7142857142857143,0.2857142857142857
167,sh3_r1_7,0.6662513300201797,1.4985439753918735,1.8250966058431244,8.178723874152638e-06,0.0075997114181518555,0.42540074209068646,2.0304903951034263,11.843564342081278,64,DADAAKWQLLAMAQLLRDAPPAERAAAAQWLEDMARDSGIPKAQIWKLLDEAGLPPPRPPKPKN,0,LHHHHHHHHHHHHHHHHHLLHHHHHHHHHHHHHHHHHHLLLHHHHHHHHHHHLLLLLLLLLLLL,HHH,0.0,0.71875,0.28125
168,sh3_r1_70,0.7628502762189532,1.386102273232407,2.38540714268,0.00016058034088928252,0.042420804500579834,0.7415390762359524,2.1116087207838765,13.796983499592463,83,FWYTIEAKATDPQLADWAAWMAQWLAYRNNNMSAKYFIEKLPKNKYKIRAFLKPPKQANSKRAPPPPRPPKPSKGGTAKVKFH,13,LLEEEEEEELLHHHHHHHHHHHHHHHHHLLLLEEEEEEEELLLLLEEEEEEEELLLLLLLLLLLLLLLLLLLLLLLLEEEEEL,EHEEE,0.3373493975903614,0.20481927710843373,0.4578313253012048
169,sh3_r1_71,0.6904693310959525,1.4259639991516315,2.0095496346420627,2.4559378175581514e-07,0.01683253049850464,0.8273544661046921,2.191740315336706,12.569087231808403,67,PHPPPRPPKPLPGQKTTVTRTQTADNEEVYTVEHPSGTQITIVRTPSGVETIQEQHGNKEETKTKAW,0,LLLLLLLLLLLLLLLLEEEEEELLLLLEEEEEELLLLLEELLLEELLLEEEEEEEELLEEEEEEEEL,EEEEEE,0.47761194029850745,0.0,0.5223880597014925
170,sh3_r1_72,0.6864922216170608,1.2711305434091225,2.099347173499272,0.0006811243947595358,0.06062114238739014,0.483031941076762,1.9504366984491037,13.818470704262765,93,EEQQRKARRLASSGKPDQLRAALAAAARKIAQMHNDAADARHFYLWMNDPNMPPPRPPKPSSNNPQDEAKYFDYLKLMQLIRAAIQAQRKWRA,8,LHHHHHHHHHHHHLLHHHHHHHHHHHHHHHHHHHLLHHHHHHHHHHHHLLLLLLLLLLLLLLLLHHHHHHHHHHHHHHHHHHHHHHHHHHHHL,HHHH,0.0,0.7634408602150538,0.23655913978494625
171,sh3_r1_73,0.7374987473221232,1.4577974311455533,2.2112122090334414,2.046775762210018e-06,0.018480002880096436,0.4296089833543157,1.6785756401735799,12.510093822221256,62,KFQALEDAAKRKKSGQPPPRPPKPNEFKNDPAEAMEWLAQWAAWLAAWAFATDNPRWAIMLL,2,LHHHHHHHHHHHHLLLLLLLLLLHHHLLLLHHHHHHHHHHHHHHHHHHHHHLLLHHHHHHHL,HHHH,0.0,0.6935483870967742,0.3064516129032258
172,sh3_r1_74,0.6007656157554373,1.2855210275285773,1.7046081059194411,2.433287988878874e-07,0.013698458671569824,0.6636801076144014,1.829424566642023,12.115481267801709,78,NQEQAFRQLQDDYMQLSQQAARQSGMPPPRPPKPGLPLPELIEEMKEYIQELAQIAAKNNPAAAQKLKKLEKDAEQLN,-1,LLHHHHHHHHHHHHHHHHHHHLLLLLLLLLLLLLLLLHHHHHHHHHHHHHHHHHHHHHHLHHHHHHHHHHHHHHHHHL,HHH,0.0,0.7435897435897436,0.2564102564102564
173,sh3_r1_75,0.6924591613229231,1.3406762149598863,1.9253062753333494,6.53016570595355e-07,0.19631201028823853,0.5046158555341773,1.9892487104919783,14.773287390908523,58,AAEQLLEEARALLSEAQSNRARWMENQKQRAKGGHGPPPRPPKPELIAEAADLEQAAL,-1,LHHHHHHHHHHHHHHHHHHHHHHHHHHHHHHLLLLLLLLLLLLHHHHHHHHHHHHHHL,HH,0.0,0.7586206896551724,0.2413793103448276
174,sh3_r1_76,0.653015204529485,1.3668242461151545,1.8415681169787423,0.0,0.05668365955352783,0.6237349032232742,1.8098966224594315,13.566591332814347,88,FSPADQDQARDAMDRNQAAADQLLRNASQTGDEQQLQQAAALIAKALKARKEMGAPPPRPPKPEEISANQWANYMQLMQQAEQQYAAD,-3,LLHHHHHHHHHHHHHHHHHHHHHHHHHHHHLLHHHHHHHHHHHHHHHHHHHHHLLLLLLLLLHHHLLHHHHHHHHHHHHHHHHHHHHL,HHHH,0.0,0.8181818181818182,0.18181818181818182
175,sh3_r1_77,0.6369385338508312,1.3500668285069644,1.816775113115097,1.02857472938922e-06,0.017848670482635498,0.5139276857340248,1.7829816401838443,12.573685384854965,59,IQDANKEYMKAMQLNKEAGQPPPRPPKPEPNASQEEWAEQIKQWAKDYANDYDAQKEQA,-3,LHHHHHHHHHHHHHHHHLLLLLLLLLLLLLLLLHHHHHHHHHHHHHHHHHHHHHHHHHL,HH,0.0,0.6949152542372882,0.3050847457627119
176,sh3_r1_78,0.6259895897245016,1.3514805945947215,1.7543235825677397,6.761669624211208e-08,0.024143636226654053,0.5123976434120963,1.9851067247951613,12.471108496564518,95,AIAQAAQLARQAKNASPEELKALLYDLAHALNQIAAAANQNRGMPPPRPPKPGMSPEELIEQIKQQAAEIMMHSPNADQAAELLDILDDLQDQLN,-6,LHHHHHHHHHHHHHLLHHHHHHHHHHHHHHHHHHHHHHHHHLLLLLLLLLLLLLLHHHHHHHHHHHHHHHHHHLLLHHHHHHHHHHHHHHHHHHL,HHHH,0.0,0.7789473684210526,0.22105263157894736
177,sh3_r1_79,0.692070887280109,1.5274988083099879,1.8563271235997045,0.016717948019504547,0.04309260845184326,0.4388216718376296,2.121844917846781,13.359745554685901,91,PPPRPPKPTPAAMKARRNIQQLQNSNDPDAWRNRARQALADFANALNKLAKSGRIPKEQIKRLKNLLANAATSPNPRSALNQLKNDYRQLL,13,LLLLLLLLLHHHHHHHHHHHHHHLLLLHHHHHHHHHHHHHHHHHHHHHHHHLLLLLHHHHHHHHHHHHHHLLLLLHHHHHHHHHHHHHHHL,HHHH,0.0,0.7362637362637363,0.26373626373626374
178,sh3_r1_8,0.7315287885596592,1.4202708964822468,2.197083987411685,3.1663082609156845e-06,0.0402827262878418,0.8623786299507249,1.7460022877790962,13.549732145501736,73,APPTMSMTPEKKNNTTVWVQKATPADGREIEYVNGKWEAKTNDGETVSPEEAAQQGENLPPPPRPPKPEGEAK,-3,LLLEEEEEEEEELLEEEEEEEEELLLLLEEEEELLEEEEELLLLLEELHHHHHHLLLLLLLLLLLLLLLLLLL,EEEEEH,0.410958904109589,0.0821917808219178,0.5068493150684932
179,sh3_r1_80,0.690179746200407,1.3605251749632536,2.0263932622875527,0.0003152253630105406,0.06334984302520752,0.823217607186616,1.8854437283260008,13.808809801036618,56,AANPKAAAKDQFQARQYLQWMKRYQARAAEAPNRPPPRPPKPTAANQRNLRALKAQ,10,LLLHHHHHHHHHHHHHHHHHHHHHHHHHHHLLLLLLLLLLLLLHHHHHHHHHHHHL,HH,0.0,0.6964285714285714,0.30357142857142855
180,sh3_r1_81,0.6746932577887224,1.2828176069866726,1.9954063525421797,2.6885656552622095e-05,0.09518855810165405,0.6151940775994564,2.161806327598029,14.123718183062145,97,SFTPQERAAEAAEWYKKWLKRAAEYLARTTGKPPAQMEKIKAQLEQQAAQYARAYMAAANANAPPPRPPKPGMTPQEAKDQLNEMFDEMSMYAQRAQ,3,LLLHHHHHHHHHHHHHHHHHHHHHHHHHHHLLLHHHHHHHHHHHHHHHHHHHHHHHHHHHHLLLLLLLLLLLLLHHHHHHHHHHHHHHHHHHHHHHL,HHH,0.0,0.7938144329896907,0.20618556701030927
181,sh3_r1_82,0.7042394965160945,1.620090441605835,1.8788556636267808,0.0007803190965205431,0.020690739154815674,0.6606359082714728,2.3912493247206,12.557952662901839,70,LKAIYEQLMQQYRAKRPNQPPPRPPKPQEANMLASDWPTYLKNASADQKLYAAWALAYLALEKFEQQLAM,3,LHHHHHHHHHHHHHHLLLLLLLLLLLHHHHHHHHHLHHHHHHHLLHHHHHHHHHHHHHHHHHHHHHHHHL,HHHH,0.0,0.7714285714285715,0.22857142857142856
182,sh3_r1_83,0.6875692416715975,1.463496852528166,1.9707722275365482,2.3917566522868583e-06,0.0035723447799682617,0.5254199298457065,2.08384548763601,11.11395230220022,63,ARERAKALADEAKNSPTPEEAWQNWQDAWQLAISPAMQGGPPPRPPKPGMPAQEMRKQAEQWF,0,LHHHHHHHHHHHHLLLLHHHHHHHHHHHHHHHHHHHLLLLLLLLLLLLLLLHHHHHHHHHHHL,HHH,0.0,0.6666666666666666,0.3333333333333333
183,sh3_r1_84,0.7306135583736806,1.4229648686531515,2.0477871380148067,1.022473497869214e-06,0.1823137402534485,0.2809368824954691,1.5474305623363256,14.750909939708988,55,PAPPPRPPKPEDIALLQRPPETPQQAAAAQAKRSEYQDNQARWAAYKQNRDNNLK,3,LLLLLLLLLHHHHHHHHLLLLLHHHHHHHHHHHHHHHHHHHHHHHHHHHHHHHHL,HH,0.0,0.7272727272727273,0.2727272727272727
184,sh3_r1_85,0.6048045926181864,1.3160249737125855,1.695420649602757,1.6017592088246602e-06,0.01257413625717163,0.608008647254369,1.500456139676529,12.039830923813888,75,NAAAKAELQNALAQLEALAQQGAPAQQIQALAQAAYKLARDARQANPNQPPPRPPKPGMTPAEQREQIAMLIDEF,0,LHHHHHHHHHHHHHHHHHHHLLLLHHHHHHHHHHHHHHHHHHHHLLLLLLLLLLLLLLLLHHHHHHHHHHHHHHL,HHH,0.0,0.7066666666666667,0.29333333333333333
185,sh3_r1_86,0.6617444199696525,1.3207584759565414,1.9101114604278904,0.0261660385876894,0.02552008628845215,0.7933172434124511,1.5243356105955501,12.841971841622659,77,AALRKLKAQIEQLAEAAKNMPDPPQRRKAQMKLYQAWKAAWTLRAFTANPNEPPPRPPKPNQNVSPKQLKAQAEDFL,8,LHHHHHHHHHHHHHHHHHHLLLHHHHHHHHHHHHHHHHHHHHHHHHHHLLLLLLLLLLLLLLLLLHHHHHHHHHHHL,HHH,0.0,0.7142857142857143,0.2857142857142857
186,sh3_r1_87,0.6791567529888193,1.3583175777975054,1.9911425369210596,4.121320671401918e-05,0.04624122381210327,0.3295182228413125,1.8945622365914414,13.514336327095593,85,ELAAALQQAASNSNSPPLRQQAMNMIQRAEMALQSGPPAVQFILNMPPPRPPKPNSSNDVDDMKNYAKIMEAWNQLRQKARAFLN,3,LHHHHHHHHHHLLLLHHHHHHHHHHHHHHHHHHHHLHHHHHHHHHLLLLLLLLLLLHHHHHHHHHHHHHHHHHHHHHHHHHHHHL,HHHH,0.0,0.788235294117647,0.21176470588235294
187,sh3_r1_88,0.7164988788038018,1.499564812829097,2.0278078108818995,5.5037734369989266e-08,0.055121660232543945,0.5197632866725299,1.4386546645122078,13.687980240130987,68,PPPRPPKPSASAQKKGNKPSPQARKQIRDARSLANNTPADRAKARQKWATAYLKYQQNLEQANSQDNN,10,LLLLLLLLLHHHHHLLLLLLHHHHHHHHHHHHHHHLLHHHHHHHHHHHHHHHHHHHHHHHHHHHHHHL,HHH,0.0,0.7352941176470589,0.2647058823529412
188,sh3_r1_89,0.7190576170505371,1.3466520178373214,2.1809706459628413,1.166582119793702e-08,0.06766539812088013,0.45057315051328617,2.0496104802458452,14.064493601402443,91,KNYEKQEKAYKAYRPAWAAWRDAAAQGANWEEMRDLRDQAYDLYERSTDPQEAQAAAQQYQAQWQEKAETSPPQQAPPPPRPPKPSPNSEK,-1,LHHHHHHHHHHHHHHHHHHHHHHHHLLELHHHHHHHHHHHHHHHHLLLLHHHHHHHHHHHHHHHHHHHLLLLELLLLLLLLLLLLLLLLLL,HEHHE,0.02197802197802198,0.6483516483516484,0.32967032967032966
189,sh3_r1_9,0.6630883142021942,1.3476279611802764,1.946506902899126,3.345143682054186e-07,0.02130603790283203,0.5509359368766622,1.9332948274801804,12.589020979460667,90,RAIKAKAMSLYRAAHPGQPPPRPPKPGENVDPQDIQQNLNQAQANNDPAQLVQALMLALNSDQLPPEDKAQYAQAAEQKLEQARAARDFA,0,LHHHHHHHHHHHHHLLLLLLLLLLLLLLLLLHHHHHHHHHHHHHLLLHHHHHHHHHHHHHLLLLLHHHHHHHHHHHHHHHHHHHHHHHHL,HHHH,0.0,0.7,0.3
190,sh3_r1_90,0.683328829963418,1.4774135227004688,1.9343014138979477,2.227687758704633e-07,0.004928767681121826,0.25785598541836524,1.6413544446772415,11.257251518084185,65,AWQLAQQLMAQSGMPPPRPPKPGMNTPDEAANEARAWIREHAPNAEARQKLQAAYQQYRRELRQQ,3,LHHHHHHHHHHLLLLLLLLLLLLLLLHHHHHHHHHHHHHHHLLLHHHHHHHHHHHHHHHHHHHHL,HHH,0.0,0.6923076923076923,0.3076923076923077
191,sh3_r1_91,0.6974874758359508,1.4236143560459218,2.045281847351216,6.649195825048082e-07,0.018539845943450928,0.4879642194185704,1.9779374610829008,12.337117741725292,59,FAFAAQELWQFAAQLPPEQAYALLQMFWMLLMAAERMKNPNQPPPRPPKPAQIKRAAQA,3,LHHHHHHHHHHHHHLLHHHHHHHHHHHHHHHHHHHHHHLLLLLLLLLLLHHHHHHHHHL,HHH,0.0,0.7457627118644068,0.2542372881355932
192,sh3_r1_92,0.6727473923737389,1.435805870289052,1.912395895861385,2.4209444745793007e-05,0.01548677682876587,0.9909832730063785,2.253209700485288,12.344345730295384,76,DQAPPPPRPPKPDPNLSPQAQKKIFQLAMQAEFLYRSNNPEKIAKALKQLEAELRAMGITPAQAQEIASQLKEYAL,2,LLLLLLLLLLLLLLLLLHHHHHHHHHHHHHHHHHHHLLLHHHHHHHHHHHHHHHHHLLLLHHHHHHHHHHHHHHHL,HHH,0.0,0.6710526315789473,0.32894736842105265
193,sh3_r1_93,0.7250977127328235,1.4445816862776324,2.055912882554446,0.008933879435062408,0.10712623596191406,0.7521528318565759,2.046727525521561,14.297644117302793,59,PDLDGGPPPRPPKPEQRKLAEKNLQNSPNPPEAQKAKQLLDEAQEYAAYLSNRQAAAAD,-1,LLLLLLLLLLLLLHHHHHHHHHHHHHLLLHHHHHHHHHHHHHHHHHHHHHHHHHHHHHL,HH,0.0,0.711864406779661,0.288135593220339
194,sh3_r1_94,0.6431342059888069,1.3564593958909863,1.8335441643191588,2.5501367417746224e-05,0.025616466999053955,0.4447691940102457,1.6107522951826092,12.888397662286748,79,DQQQERRDEAKARAARLLEDLDAAKAANDQEAIRDAIDMLWDAARQMMPPGMPPPRPPKPNMTPQEQLQQQRQIAAQIL,-2,LHHHHHHHHHHHHHHHHHHHHHHHHHLLLHHHHHHHHHHHHHHHHHHLLLLLLLLLLLLLLLLHHHHHHHHHHHHHHHL,HHH,0.0,0.7341772151898734,0.26582278481012656
195,sh3_r1_95,0.6425347361671494,1.3211577655402598,1.8388109908648869,2.02362048185023e-06,0.05270087718963623,0.4945352830758052,1.533093238532026,13.451356832238462,92,NQAAARLMALYNDLQSAMAQTNSPALRDAAADAQQLQSALQQNNPEELDTMPPPRPPKPGMSAPEQQAQTKYAALMDAWQALRQELRAQRAN,-1,LHHHHHHHHHHHHHHHHHHLLLLHHHHHHHHHHHHHHHHHHLLLHHHHLLLLLLLLLLLLLLHHHHHHHHHHHHHHHHHHHHHHHHHHHHHL,HHHH,0.0,0.75,0.25
196,sh3_r1_96,0.622989258551765,1.3176573910233047,1.7825009400379415,2.4664402076268743e-08,0.014787912368774414,0.2907242261074217,1.7100582168292173,12.424945377866825,72,RAEALALAAEILQLADQNDWQQAMQLADEANAELGRPPPRPPKPEAGATPQEWQKQMAQWYRESALELLNFA,-5,LHHHHHHHHHHHHHHHLLLHHHHHHHHHHHHHHLLLLLLLLLLLLLLLLHHHHHHHHHHHHHHHHHHHHHHL,HHH,0.0,0.7083333333333334,0.2916666666666667
197,sh3_r1_97,0.6331475545920937,1.3866640534251928,1.7668793607691966,1.1652708131748568e-08,0.012194335460662842,0.7760222996297059,1.810857127128258,12.137967191642918,85,LEAQMREAANSNNPQEAYQAMWKLMRRGNPELAIDAAQQLIAAAAQNGDPDMARELAEMESEATNLKTMSPAEAANMPPPRPPKP,-4,LLHHHHHHHHLLLHHHHHHHHHHHHHLLLHHHHHHHHHHHHHHHHHLLLHHHHHHHHHHHHHHHHHHHLLHHHHHHLLLLLLLLL,HHHHH,0.0,0.7411764705882353,0.25882352941176473
198,sh3_r1_98,0.7506849947328921,1.4911222573783662,2.21394409707299,0.0,0.04835861921310425,0.5172135620308658,2.028776319585913,13.619129547150123,98,DPFDQADWAKLKAKAAKALKAHNRPAIFMMLNNNNPPPPPRPPKPGQNNPAQLREWAAAWRLYAKLAALNLSPAQRAQAKRYADRAEQYKKEAAKRQD,11,LLLLLHHHHHHHHHHHHHHHHHLLHHHHHHHHHLLLLLLLLLLLHHHLLHHHHHHHHHHHHHHHHHHHHHLLHHHHHHHHHHHHHHHHHHHHHHHHHL,HHHHH,0.0,0.7653061224489796,0.23469387755102042
199,sh3_r1_99,0.6721693204145573,1.3331512429372028,1.9364440963135001,6.8982359380243e-07,0.09124988317489624,0.5859713356440821,1.8120377745162901,13.929163489559881,77,DDFMAQEAEIHMQWHMLRMMAFNLSPPEAEQMLQALQAQLQALYQQLRAMAAQQGRPPPRPPKPGEIEALKQMYRQA,-1,LHHHHHHHHHHHHHHHHHHHHLLLLHHHHHHHHHHHHHHHHHHHHHHHHHHHHHLLLLLLLLLHHHHHHHHHHHHHL,HHH,0.0,0.8051948051948052,0.19480519480519481
